race_id,round,name,race_date,sprint_race_time,fp1_date,fp1_time,circuit_id_id,fp2_date,fp2_time,fp3_date,fp3_time,quali_date,quali_time,sprint_race_date,race_time,year,sprint_quali_date,sprint_quali_time
1163,19,United States Grand Prix,2025-10-19,21:30:00,2025-10-17,22:00:00,69,,,,,2025-10-19,01:30:00,2025-10-18,23:30:00,2025,2025-10-18,02:00:00
1164,20,Mexican Grand Prix,2025-10-26,,2025-10-24,23:00:00,32,2025-10-25,02:30:00,2025-10-25,22:00:00,2025-10-26,01:30:00,,23:30:00,2025,,
1165,21,São Paulo Grand Prix,2025-11-09,17:30:00,2025-11-07,18:00:00,18,,,,,2025-11-08,21:30:00,2025-11-08,19:30:00,2025,2025-11-07,22:00:00
1166,22,Las Vegas Grand Prix,2025-11-22,,2025-11-20,04:00:00,80,2025-11-20,07:30:00,2025-11-21,04:00:00,2025-11-21,07:30:00,,06:30:00,2025,,
1167,23,Qatar Grand Prix,2025-11-30,17:30:00,2025-11-28,17:00:00,78,,,,,2025-11-29,21:30:00,2025-11-29,18:30:00,2025,2025-11-28,21:00:00
1168,24,Abu Dhabi Grand Prix,2025-12-07,,2025-12-05,13:00:00,24,2025-12-05,16:30:00,2025-12-06,14:00:00,2025-12-06,17:30:00,,15:30:00,2025,,
1155,11,Austrian Grand Prix,2025-06-29,,2025-06-27,16:00:00,70,2025-06-27,19:30:00,2025-06-28,15:00:00,2025-06-28,18:30:00,,17:30:00,2025,,
1145,1,Australian Grand Prix,2025-03-16,,2025-03-14,05:00:00,1,2025-03-14,08:30:00,2025-03-15,05:00:00,2025-03-15,08:30:00,,07:30:00,2025,,
1039,9,Tuscan Grand Prix,2020-09-13,,2020-09-11,13:30:00,76,2020-09-11,17:30:00,2020-09-12,14:30:00,2020-09-12,17:30:00,,17:40:00,2020,,
1040,10,Russian Grand Prix,2020-09-27,,2020-09-25,11:30:00,71,2020-09-25,15:30:00,2020-09-26,12:30:00,2020-09-26,15:30:00,,14:40:00,2020,,
1041,11,Eifel Grand Prix,2020-10-11,,2020-10-09,12:30:00,20,2020-10-09,16:30:00,2020-10-10,13:30:00,2020-10-10,16:30:00,,15:40:00,2020,,
1044,14,Turkish Grand Prix,2020-11-15,,2020-11-13,11:30:00,5,2020-11-13,15:30:00,2020-11-14,12:30:00,2020-11-14,15:30:00,,13:40:00,2020,,
1115,17,Qatar Grand Prix,2023-10-08,17:30:00,2023-10-06,13:30:00,78,2023-10-07,13:00:00,,,2023-10-06,17:00:00,2023-10-07,17:00:00,2023,,
1116,18,United States Grand Prix,2023-10-22,22:00:00,2023-10-20,17:30:00,69,2023-10-21,18:00:00,,,2023-10-20,21:00:00,2023-10-21,19:00:00,2023,,
1111,13,Dutch Grand Prix,2023-08-27,,2023-08-25,14:00:00,39,2023-08-25,17:30:00,2023-08-26,13:00:00,2023-08-26,16:30:00,,16:30:00,2023,,
1112,14,Italian Grand Prix,2023-09-03,,2023-09-01,15:00:00,14,2023-09-01,18:30:00,2023-09-02,14:00:00,2023-09-02,17:30:00,,16:30:00,2023,,
1113,15,Singapore Grand Prix,2023-09-17,,2023-09-15,13:00:00,15,2023-09-15,16:30:00,2023-09-16,13:00:00,2023-09-16,16:30:00,,15:30:00,2023,,
1114,16,Japanese Grand Prix,2023-09-24,,2023-09-22,06:00:00,22,2023-09-22,09:30:00,2023-09-23,06:00:00,2023-09-23,09:30:00,,08:30:00,2023,,
989,1,Australian Grand Prix,2018-03-25,,2018-03-23,05:30:00,1,2018-03-23,09:30:00,2018-03-24,07:30:00,2018-03-24,10:30:00,,09:40:00,2018,,
990,2,Bahrain Grand Prix,2018-04-08,,2018-04-06,15:30:00,3,2018-04-06,19:30:00,2018-04-07,16:30:00,2018-04-07,19:30:00,,19:40:00,2018,,
992,4,Azerbaijan Grand Prix,2018-04-29,,2018-04-27,13:30:00,73,2018-04-27,17:30:00,2018-04-28,14:30:00,2018-04-28,17:30:00,,16:40:00,2018,,
993,5,Spanish Grand Prix,2018-05-13,,2018-05-11,13:30:00,4,2018-05-11,17:30:00,2018-05-12,14:30:00,2018-05-12,17:30:00,,17:40:00,2018,,
994,6,Monaco Grand Prix,2018-05-27,,2018-05-24,13:30:00,6,2018-05-24,17:30:00,2018-05-26,14:30:00,2018-05-26,17:30:00,,17:40:00,2018,,
995,7,Canadian Grand Prix,2018-06-10,,2018-06-08,18:30:00,7,2018-06-08,22:30:00,2018-06-09,19:30:00,2018-06-09,22:30:00,,22:40:00,2018,,
996,8,French Grand Prix,2018-06-24,,2018-06-22,14:30:00,34,2018-06-22,18:30:00,2018-06-23,15:30:00,2018-06-23,18:30:00,,18:40:00,2018,,
997,9,Austrian Grand Prix,2018-07-01,,2018-06-29,13:30:00,70,2018-06-29,17:30:00,2018-06-30,14:30:00,2018-06-30,17:30:00,,17:40:00,2018,,
998,10,British Grand Prix,2018-07-08,,2018-07-06,13:30:00,9,2018-07-06,17:30:00,2018-07-07,14:30:00,2018-07-07,17:30:00,,17:40:00,2018,,
999,11,German Grand Prix,2018-07-22,,2018-07-20,13:30:00,10,2018-07-20,17:30:00,2018-07-21,14:30:00,2018-07-21,17:30:00,,17:40:00,2018,,
1118,20,São Paulo Grand Prix,2023-11-05,18:30:00,2023-11-03,14:30:00,18,2023-11-04,14:30:00,,,2023-11-03,18:00:00,2023-11-04,17:00:00,2023,,
1131,11,Austrian Grand Prix,2024-06-30,10:00:00,2024-06-28,10:30:00,70,2024-06-28,14:30:00,,,2024-06-29,14:00:00,2024-06-29,13:00:00,2024,,
1139,19,United States Grand Prix,2024-10-20,18:00:00,2024-10-18,17:30:00,69,2024-10-18,21:30:00,,,2024-10-19,22:00:00,2024-10-19,19:00:00,2024,,
1141,21,São Paulo Grand Prix,2024-11-03,14:00:00,2024-11-01,14:30:00,18,2024-11-01,18:30:00,,,2024-11-02,18:00:00,2024-11-02,17:00:00,2024,,
1143,23,Qatar Grand Prix,2024-12-01,13:00:00,2024-11-29,13:30:00,78,2024-11-29,17:30:00,,,2024-11-30,17:00:00,2024-11-30,17:00:00,2024,,
1117,19,Mexico City Grand Prix,2023-10-29,,2023-10-27,22:00:00,32,2023-10-28,01:30:00,2023-10-28,21:00:00,2023-10-29,00:30:00,,23:30:00,2023,,
1129,9,Canadian Grand Prix,2024-06-09,,2024-06-07,21:00:00,7,2024-06-08,00:30:00,2024-06-08,20:00:00,2024-06-08,23:30:00,,21:30:00,2024,,
1130,10,Spanish Grand Prix,2024-06-23,,2024-06-21,15:00:00,4,2024-06-21,18:30:00,2024-06-22,14:00:00,2024-06-22,17:30:00,,16:30:00,2024,,
1132,12,British Grand Prix,2024-07-07,,2024-07-05,15:00:00,9,2024-07-05,18:30:00,2024-07-06,14:00:00,2024-07-06,17:30:00,,17:30:00,2024,,
1133,13,Hungarian Grand Prix,2024-07-21,,2024-07-19,15:00:00,11,2024-07-19,18:30:00,2024-07-20,14:00:00,2024-07-20,17:30:00,,16:30:00,2024,,
1134,14,Belgian Grand Prix,2024-07-28,,2024-07-26,15:00:00,13,2024-07-26,18:30:00,2024-07-27,14:00:00,2024-07-27,17:30:00,,16:30:00,2024,,
1135,15,Dutch Grand Prix,2024-08-25,,2024-08-23,14:00:00,39,2024-08-23,17:30:00,2024-08-24,13:00:00,2024-08-24,16:30:00,,16:30:00,2024,,
1136,16,Italian Grand Prix,2024-09-01,,2024-08-30,15:00:00,14,2024-08-30,18:30:00,2024-08-31,14:00:00,2024-08-31,17:30:00,,16:30:00,2024,,
1137,17,Azerbaijan Grand Prix,2024-09-15,,2024-09-13,13:00:00,73,2024-09-13,16:30:00,2024-09-14,12:00:00,2024-09-14,15:30:00,,14:30:00,2024,,
1138,18,Singapore Grand Prix,2024-09-22,,2024-09-20,13:00:00,15,2024-09-20,16:30:00,2024-09-21,13:00:00,2024-09-21,16:30:00,,15:30:00,2024,,
1140,20,Mexico City Grand Prix,2024-10-27,,2024-10-25,22:00:00,32,2024-10-26,01:30:00,2024-10-26,21:00:00,2024-10-27,00:30:00,,23:30:00,2024,,
1142,22,Las Vegas Grand Prix,2024-11-24,,2024-11-22,06:00:00,80,2024-11-22,09:30:00,2024-11-23,06:00:00,2024-11-23,09:30:00,,09:30:00,2024,,
1043,13,Emilia Romagna Grand Prix,2020-11-01,,2020-10-31,12:30:00,21,,,,,2020-10-31,16:30:00,,15:40:00,2020,,
1101,4,Azerbaijan Grand Prix,2023-04-30,13:30:00,2023-04-28,09:30:00,73,2023-04-29,09:30:00,,,2023-04-28,13:00:00,2023-04-29,11:00:00,2023,,
1107,9,Austrian Grand Prix,2023-07-02,14:30:00,2023-06-30,11:30:00,70,2023-07-01,10:30:00,,,2023-06-30,15:00:00,2023-07-01,13:00:00,2023,,
1110,12,Belgian Grand Prix,2023-07-30,14:30:00,2023-07-28,11:30:00,13,2023-07-29,10:30:00,,,2023-07-28,15:00:00,2023-07-29,13:00:00,2023,,
1025,16,Russian Grand Prix,2019-09-29,,2019-09-27,11:30:00,71,2019-09-27,15:30:00,2019-09-28,12:30:00,2019-09-28,15:30:00,,14:40:00,2019,,
1026,17,Japanese Grand Prix,2019-10-13,,2019-10-11,04:30:00,22,2019-10-11,08:30:00,2019-10-12,06:30:00,2019-10-13,04:30:00,,08:40:00,2019,,
1027,18,Mexican Grand Prix,2019-10-27,,2019-10-25,19:30:00,32,2019-10-25,23:30:00,2019-10-26,19:30:00,2019-10-26,22:30:00,,22:40:00,2019,,
1028,19,United States Grand Prix,2019-11-03,,2019-11-01,20:30:00,69,2019-11-02,00:30:00,2019-11-02,22:30:00,2019-11-03,01:30:00,,22:40:00,2019,,
1029,20,Brazilian Grand Prix,2019-11-17,,2019-11-15,17:30:00,18,2019-11-15,21:30:00,2019-11-16,18:30:00,2019-11-16,21:30:00,,20:40:00,2019,,
1030,21,Abu Dhabi Grand Prix,2019-12-01,,2019-11-29,12:30:00,24,2019-11-29,16:30:00,2019-11-30,13:30:00,2019-11-30,16:30:00,,16:40:00,2019,,
1031,1,Austrian Grand Prix,2020-07-05,,2020-07-03,13:30:00,70,2020-07-03,17:30:00,2020-07-04,14:30:00,2020-07-04,17:30:00,,17:40:00,2020,,
1032,2,Styrian Grand Prix,2020-07-12,,2020-07-10,13:30:00,70,2020-07-10,17:30:00,2020-07-11,14:30:00,2020-07-11,17:30:00,,17:40:00,2020,,
1033,3,Hungarian Grand Prix,2020-07-19,,2020-07-17,13:30:00,11,2020-07-17,17:30:00,2020-07-18,14:30:00,2020-07-18,17:30:00,,17:40:00,2020,,
1034,4,British Grand Prix,2020-08-02,,2020-07-31,14:30:00,9,2020-07-31,18:30:00,2020-08-01,14:30:00,2020-08-01,17:30:00,,17:40:00,2020,,
1035,5,70th Anniversary Grand Prix,2020-08-09,,2020-08-07,14:30:00,9,2020-08-07,18:30:00,2020-08-08,14:30:00,2020-08-08,17:30:00,,17:40:00,2020,,
1036,6,Spanish Grand Prix,2020-08-16,,2020-08-14,13:30:00,4,2020-08-14,17:30:00,2020-08-15,14:30:00,2020-08-15,17:30:00,,17:40:00,2020,,
1037,7,Belgian Grand Prix,2020-08-30,,2020-08-28,13:30:00,13,2020-08-28,17:30:00,2020-08-29,14:30:00,2020-08-29,17:30:00,,17:40:00,2020,,
1038,8,Italian Grand Prix,2020-09-06,,2020-09-04,13:30:00,14,2020-09-04,17:30:00,2020-09-05,14:30:00,2020-09-05,17:30:00,,17:40:00,2020,,
40,5,Monaco Grand Prix,2007-05-27,,,,6,,,,,,,,12:00:00,2007,,
41,6,Canadian Grand Prix,2007-06-10,,,,7,,,,,,,,17:00:00,2007,,
42,7,United States Grand Prix,2007-06-17,,,,19,,,,,,,,17:00:00,2007,,
43,8,French Grand Prix,2007-07-01,,,,8,,,,,,,,12:00:00,2007,,
44,9,British Grand Prix,2007-07-08,,,,9,,,,,,,,12:00:00,2007,,
45,10,European Grand Prix,2007-07-22,,,,20,,,,,,,,12:00:00,2007,,
46,11,Hungarian Grand Prix,2007-08-05,,,,11,,,,,,,,12:00:00,2007,,
47,12,Turkish Grand Prix,2007-08-26,,,,5,,,,,,,,12:00:00,2007,,
48,13,Italian Grand Prix,2007-09-09,,,,14,,,,,,,,12:00:00,2007,,
49,14,Belgian Grand Prix,2007-09-16,,,,13,,,,,,,,12:00:00,2007,,
50,15,Japanese Grand Prix,2007-09-30,,,,16,,,,,,,,04:30:00,2007,,
51,16,Chinese Grand Prix,2007-10-07,,,,17,,,,,,,,06:00:00,2007,,
52,17,Brazilian Grand Prix,2007-10-21,,,,18,,,,,,,,16:00:00,2007,,
53,1,Bahrain Grand Prix,2006-03-12,,,,3,,,,,,,,14:30:00,2006,,
54,2,Malaysian Grand Prix,2006-03-19,,,,2,,,,,,,,15:00:00,2006,,
55,3,Australian Grand Prix,2006-04-02,,,,1,,,,,,,,14:00:00,2006,,
56,4,San Marino Grand Prix,2006-04-23,,,,21,,,,,,,,14:00:00,2006,,
57,5,European Grand Prix,2006-05-07,,,,20,,,,,,,,14:00:00,2006,,
58,6,Spanish Grand Prix,2006-05-14,,,,4,,,,,,,,14:00:00,2006,,
59,7,Monaco Grand Prix,2006-05-28,,,,6,,,,,,,,14:00:00,2006,,
60,8,British Grand Prix,2006-06-11,,,,9,,,,,,,,12:00:00,2006,,
61,9,Canadian Grand Prix,2006-06-25,,,,7,,,,,,,,13:00:00,2006,,
62,10,United States Grand Prix,2006-07-02,,,,19,,,,,,,,14:00:00,2006,,
63,11,French Grand Prix,2006-07-16,,,,8,,,,,,,,14:00:00,2006,,
64,12,German Grand Prix,2006-07-30,,,,10,,,,,,,,14:00:00,2006,,
65,13,Hungarian Grand Prix,2006-08-06,,,,11,,,,,,,,14:00:00,2006,,
66,14,Turkish Grand Prix,2006-08-27,,,,5,,,,,,,,15:00:00,2006,,
67,15,Italian Grand Prix,2006-09-10,,,,14,,,,,,,,14:00:00,2006,,
68,16,Chinese Grand Prix,2006-10-01,,,,17,,,,,,,,14:00:00,2006,,
69,17,Japanese Grand Prix,2006-10-08,,,,22,,,,,,,,14:00:00,2006,,
70,18,Brazilian Grand Prix,2006-10-22,,,,18,,,,,,,,14:00:00,2006,,
71,1,Australian Grand Prix,2005-03-06,,,,1,,,,,,,,14:00:00,2005,,
72,2,Malaysian Grand Prix,2005-03-20,,,,2,,,,,,,,15:00:00,2005,,
73,3,Bahrain Grand Prix,2005-04-03,,,,3,,,,,,,,14:30:00,2005,,
74,4,San Marino Grand Prix,2005-04-24,,,,21,,,,,,,,14:00:00,2005,,
75,5,Spanish Grand Prix,2005-05-08,,,,4,,,,,,,,14:00:00,2005,,
76,6,Monaco Grand Prix,2005-05-22,,,,6,,,,,,,,14:00:00,2005,,
77,7,European Grand Prix,2005-05-29,,,,20,,,,,,,,14:00:00,2005,,
78,8,Canadian Grand Prix,2005-06-12,,,,7,,,,,,,,13:00:00,2005,,
79,9,United States Grand Prix,2005-06-19,,,,19,,,,,,,,14:00:00,2005,,
80,10,French Grand Prix,2005-07-03,,,,8,,,,,,,,14:00:00,2005,,
81,11,British Grand Prix,2005-07-10,,,,9,,,,,,,,14:00:00,2005,,
82,12,German Grand Prix,2005-07-24,,,,10,,,,,,,,14:00:00,2005,,
83,13,Hungarian Grand Prix,2005-07-31,,,,11,,,,,,,,14:00:00,2005,,
84,14,Turkish Grand Prix,2005-08-21,,,,5,,,,,,,,15:00:00,2005,,
85,15,Italian Grand Prix,2005-09-04,,,,14,,,,,,,,14:00:00,2005,,
86,16,Belgian Grand Prix,2005-09-11,,,,13,,,,,,,,14:00:00,2005,,
87,17,Brazilian Grand Prix,2005-09-25,,,,18,,,,,,,,14:00:00,2005,,
88,18,Japanese Grand Prix,2005-10-09,,,,22,,,,,,,,14:00:00,2005,,
89,19,Chinese Grand Prix,2005-10-16,,,,17,,,,,,,,14:00:00,2005,,
90,1,Australian Grand Prix,2004-03-07,,,,1,,,,,,,,,2004,,
91,2,Malaysian Grand Prix,2004-03-21,,,,2,,,,,,,,,2004,,
1042,12,Portuguese Grand Prix,2020-10-25,,2020-10-23,14:30:00,75,2020-10-23,18:30:00,2020-10-24,14:30:00,2020-10-24,17:30:00,,16:40:00,2020,,
1045,15,Bahrain Grand Prix,2020-11-29,,2020-11-27,14:30:00,3,2020-11-27,18:30:00,2020-11-28,14:30:00,2020-11-28,17:30:00,,17:40:00,2020,,
1046,16,Sakhir Grand Prix,2020-12-06,,2020-12-04,17:00:00,3,2020-12-04,21:00:00,2020-12-05,17:30:00,2020-12-05,20:30:00,,20:40:00,2020,,
1047,17,Abu Dhabi Grand Prix,2020-12-13,,2020-12-11,12:30:00,24,2020-12-11,16:30:00,2020-12-12,13:30:00,2020-12-12,16:30:00,,16:40:00,2020,,
1051,20,Qatar Grand Prix,2021-11-21,,2021-11-19,14:00:00,78,2021-11-19,17:30:00,2021-11-20,14:30:00,2021-11-20,17:30:00,,17:30:00,2021,,
1052,1,Bahrain Grand Prix,2021-03-28,,2021-03-26,16:00:00,3,2021-03-26,19:30:00,2021-03-27,16:30:00,2021-03-27,19:30:00,,19:30:00,2021,,
1053,2,Emilia Romagna Grand Prix,2021-04-18,,2021-04-16,13:30:00,21,2021-04-16,17:00:00,2021-04-17,13:30:00,2021-04-17,16:30:00,,17:30:00,2021,,
1054,3,Portuguese Grand Prix,2021-05-02,,2021-04-30,15:00:00,75,2021-04-30,18:30:00,2021-05-01,15:30:00,2021-05-01,18:30:00,,18:30:00,2021,,
1055,4,Spanish Grand Prix,2021-05-09,,2021-05-07,14:00:00,4,2021-05-07,17:30:00,2021-05-08,14:30:00,2021-05-08,17:30:00,,17:30:00,2021,,
1056,5,Monaco Grand Prix,2021-05-23,,2021-05-20,14:00:00,6,2021-05-20,17:30:00,2021-05-22,14:30:00,2021-05-22,17:30:00,,17:30:00,2021,,
1057,6,Azerbaijan Grand Prix,2021-06-06,,2021-06-04,13:00:00,73,2021-06-04,16:30:00,2021-06-05,13:30:00,2021-06-05,16:30:00,,16:30:00,2021,,
1058,8,Styrian Grand Prix,2021-06-27,,2021-06-25,14:00:00,70,2021-06-25,17:30:00,2021-06-26,14:30:00,2021-06-26,17:30:00,,17:30:00,2021,,
1059,7,French Grand Prix,2021-06-20,,2021-06-18,14:00:00,34,2021-06-18,17:30:00,2021-06-19,14:30:00,2021-06-19,17:30:00,,17:30:00,2021,,
1060,9,Austrian Grand Prix,2021-07-04,,2021-07-02,14:00:00,70,2021-07-02,17:30:00,2021-07-03,14:30:00,2021-07-03,17:30:00,,17:30:00,2021,,
1062,11,Hungarian Grand Prix,2021-08-01,,2021-07-30,14:00:00,11,2021-07-30,17:30:00,2021-07-31,14:30:00,2021-07-31,17:30:00,,17:30:00,2021,,
1063,12,Belgian Grand Prix,2021-08-29,,2021-08-27,14:00:00,13,2021-08-27,17:30:00,2021-08-28,14:30:00,2021-08-28,17:30:00,,17:30:00,2021,,
1064,13,Dutch Grand Prix,2021-09-05,,2021-09-03,14:00:00,39,2021-09-03,17:30:00,2021-09-04,14:30:00,2021-09-04,17:30:00,,17:30:00,2021,,
1066,15,Russian Grand Prix,2021-09-26,,2021-09-24,12:00:00,71,2021-09-24,15:30:00,2021-09-25,12:30:00,2021-09-25,15:30:00,,15:30:00,2021,,
1067,16,Turkish Grand Prix,2021-10-10,,2021-10-08,12:00:00,5,2021-10-08,15:30:00,2021-10-09,12:30:00,2021-10-09,15:30:00,,15:30:00,2021,,
1069,17,United States Grand Prix,2021-10-24,,2021-10-22,20:00:00,69,2021-10-22,23:30:00,2021-10-23,21:30:00,2021-10-24,00:30:00,,22:30:00,2021,,
1070,18,Mexico City Grand Prix,2021-11-07,,2021-11-05,21:00:00,32,2021-11-06,00:30:00,2021-11-06,20:30:00,2021-11-06,23:30:00,,22:30:00,2021,,
1072,21,Saudi Arabian Grand Prix,2021-12-05,,2021-12-03,17:00:00,77,2021-12-03,20:30:00,2021-12-04,17:30:00,2021-12-04,20:30:00,,21:00:00,2021,,
1073,22,Abu Dhabi Grand Prix,2021-12-12,,2021-12-10,13:00:00,24,2021-12-10,16:30:00,2021-12-11,13:30:00,2021-12-11,16:30:00,,16:30:00,2021,,
1074,1,Bahrain Grand Prix,2022-03-20,,2022-03-18,15:30:00,3,2022-03-18,18:30:00,2022-03-19,15:30:00,2022-03-19,18:30:00,,18:30:00,2022,,
1075,2,Saudi Arabian Grand Prix,2022-03-27,,2022-03-25,18:30:00,77,2022-03-25,21:30:00,2022-03-26,18:30:00,2022-03-26,21:30:00,,21:30:00,2022,,
1076,3,Australian Grand Prix,2022-04-10,,2022-04-08,07:30:00,1,2022-04-08,10:30:00,2022-04-09,07:30:00,2022-04-09,10:30:00,,09:30:00,2022,,
1078,5,Miami Grand Prix,2022-05-09,,2022-05-06,23:00:00,79,2022-05-07,02:00:00,2022-05-07,21:30:00,2022-05-08,00:30:00,,00:00:00,2022,,
1079,6,Spanish Grand Prix,2022-05-22,,2022-05-20,16:30:00,4,2022-05-20,19:30:00,2022-05-21,15:30:00,2022-05-21,18:30:00,,17:30:00,2022,,
1080,7,Monaco Grand Prix,2022-05-29,,2022-05-27,16:30:00,6,2022-05-27,19:30:00,2022-05-28,15:30:00,2022-05-28,18:30:00,,17:30:00,2022,,
1081,8,Azerbaijan Grand Prix,2022-06-12,,2022-06-10,15:30:00,73,2022-06-10,18:30:00,2022-06-11,15:30:00,2022-06-11,18:30:00,,15:30:00,2022,,
1082,9,Canadian Grand Prix,2022-06-19,,2022-06-17,22:30:00,7,2022-06-18,01:30:00,2022-06-18,21:30:00,2022-06-19,00:30:00,,22:30:00,2022,,
1083,10,British Grand Prix,2022-07-03,,2022-07-01,16:30:00,9,2022-07-01,19:30:00,2022-07-02,15:30:00,2022-07-02,18:30:00,,18:30:00,2022,,
1085,12,French Grand Prix,2022-07-24,,2022-07-22,16:30:00,34,2022-07-22,19:30:00,2022-07-23,15:30:00,2022-07-23,18:30:00,,17:30:00,2022,,
1086,13,Hungarian Grand Prix,2022-07-31,,2022-07-29,16:30:00,11,2022-07-29,19:30:00,2022-07-30,15:30:00,2022-07-30,18:30:00,,17:30:00,2022,,
1087,14,Belgian Grand Prix,2022-08-28,,2022-08-26,16:30:00,13,2022-08-26,19:30:00,2022-08-27,15:30:00,2022-08-27,18:30:00,,17:30:00,2022,,
1088,15,Dutch Grand Prix,2022-09-04,,2022-09-02,15:00:00,39,2022-09-02,18:30:00,2022-09-03,14:30:00,2022-09-03,17:30:00,,17:30:00,2022,,
1089,16,Italian Grand Prix,2022-09-11,,2022-09-09,16:30:00,14,2022-09-09,19:30:00,2022-09-10,15:30:00,2022-09-10,18:30:00,,17:30:00,2022,,
1091,17,Singapore Grand Prix,2022-10-02,,2022-09-30,13:30:00,15,2022-09-30,16:30:00,2022-10-01,13:30:00,2022-10-01,16:30:00,,15:30:00,2022,,
1092,18,Japanese Grand Prix,2022-10-09,,2022-10-07,06:30:00,22,2022-10-07,09:30:00,2022-10-08,06:30:00,2022-10-08,09:30:00,,08:30:00,2022,,
1093,19,United States Grand Prix,2022-10-23,,2022-10-21,22:30:00,69,2022-10-22,01:30:00,2022-10-22,22:30:00,2022-10-23,01:30:00,,22:30:00,2022,,
1094,20,Mexico City Grand Prix,2022-10-30,,2022-10-28,22:30:00,32,2022-10-29,01:30:00,2022-10-29,21:30:00,2022-10-30,00:30:00,,23:30:00,2022,,
1096,22,Abu Dhabi Grand Prix,2022-11-20,,2022-11-18,13:30:00,24,2022-11-18,16:30:00,2022-11-19,14:00:00,2022-11-19,17:30:00,,16:30:00,2022,,
1098,1,Bahrain Grand Prix,2023-03-05,,2023-03-03,15:00:00,3,2023-03-03,18:30:00,2023-03-04,15:00:00,2023-03-04,18:30:00,,18:30:00,2023,,
1099,2,Saudi Arabian Grand Prix,2023-03-19,,2023-03-17,17:00:00,77,2023-03-17,20:30:00,2023-03-18,17:00:00,2023-03-18,20:30:00,,20:30:00,2023,,
1100,3,Australian Grand Prix,2023-04-02,,2023-03-31,06:00:00,1,2023-03-31,09:30:00,2023-04-01,06:00:00,2023-04-01,09:30:00,,08:30:00,2023,,
1102,5,Miami Grand Prix,2023-05-07,,2023-05-05,21:30:00,79,2023-05-06,01:00:00,2023-05-06,20:00:00,2023-05-06,23:30:00,,23:00:00,2023,,
1104,6,Monaco Grand Prix,2023-05-28,,2023-05-26,15:00:00,6,2023-05-26,18:30:00,2023-05-27,14:00:00,2023-05-27,17:30:00,,16:30:00,2023,,
1105,7,Spanish Grand Prix,2023-06-04,,2023-06-02,15:00:00,4,2023-06-02,18:30:00,2023-06-03,14:00:00,2023-06-03,17:30:00,,16:30:00,2023,,
1106,8,Canadian Grand Prix,2023-06-18,,2023-06-16,21:00:00,7,2023-06-17,00:00:00,2023-06-17,20:00:00,2023-06-17,23:30:00,,21:30:00,2023,,
1108,10,British Grand Prix,2023-07-09,,2023-07-07,15:00:00,9,2023-07-07,18:30:00,2023-07-08,14:00:00,2023-07-08,17:30:00,,17:30:00,2023,,
1109,11,Hungarian Grand Prix,2023-07-23,,2023-07-21,15:00:00,11,2023-07-21,18:30:00,2023-07-22,14:00:00,2023-07-22,17:30:00,,16:30:00,2023,,
1000,12,Hungarian Grand Prix,2018-07-29,,2018-07-27,13:30:00,11,2018-07-27,17:30:00,2018-07-28,14:30:00,2018-07-28,17:30:00,,17:40:00,2018,,
1001,13,Belgian Grand Prix,2018-08-26,,2018-08-24,13:30:00,13,2018-08-24,17:30:00,2018-08-25,14:30:00,2018-08-25,17:30:00,,17:40:00,2018,,
1002,14,Italian Grand Prix,2018-09-02,,2018-08-31,13:30:00,14,2018-08-31,17:30:00,2018-09-01,14:30:00,2018-09-01,17:30:00,,17:40:00,2018,,
1003,15,Singapore Grand Prix,2018-09-16,,2018-09-14,13:00:00,15,2018-09-14,17:00:00,2018-09-15,14:30:00,2018-09-15,17:30:00,,16:40:00,2018,,
1004,16,Russian Grand Prix,2018-09-30,,2018-09-28,11:30:00,71,2018-09-28,15:30:00,2018-09-29,12:30:00,2018-09-29,15:30:00,,14:40:00,2018,,
1005,17,Japanese Grand Prix,2018-10-07,,2018-10-05,04:30:00,22,2018-10-05,08:30:00,2018-10-06,06:30:00,2018-10-06,09:30:00,,08:40:00,2018,,
1006,18,United States Grand Prix,2018-10-21,,2018-10-19,18:30:00,69,2018-10-19,22:30:00,2018-10-20,21:30:00,2018-10-21,00:30:00,,21:40:00,2018,,
1007,19,Mexican Grand Prix,2018-10-28,,2018-10-26,19:30:00,32,2018-10-26,23:30:00,2018-10-27,19:30:00,2018-10-27,22:30:00,,22:40:00,2018,,
1008,20,Brazilian Grand Prix,2018-11-11,,2018-11-09,16:30:00,18,2018-11-09,20:30:00,2018-11-10,17:30:00,2018-11-10,20:30:00,,20:40:00,2018,,
1009,21,Abu Dhabi Grand Prix,2018-11-25,,2018-11-23,12:30:00,24,2018-11-23,16:30:00,2018-11-24,13:30:00,2018-11-24,16:30:00,,16:40:00,2018,,
1010,1,Australian Grand Prix,2019-03-17,,2019-03-15,04:30:00,1,2019-03-15,08:30:00,2019-03-16,06:30:00,2019-03-16,09:30:00,,08:40:00,2019,,
1011,2,Bahrain Grand Prix,2019-03-31,,2019-03-29,15:30:00,3,2019-03-29,19:30:00,2019-03-30,16:30:00,2019-03-30,19:30:00,,19:40:00,2019,,
1012,3,Chinese Grand Prix,2019-04-14,,2019-04-12,06:30:00,17,2019-04-12,10:30:00,2019-04-13,07:30:00,2019-04-13,10:30:00,,10:40:00,2019,,
1013,4,Azerbaijan Grand Prix,2019-04-28,,2019-04-26,13:30:00,73,2019-04-26,17:30:00,2019-04-27,14:30:00,2019-04-27,17:30:00,,16:40:00,2019,,
1014,5,Spanish Grand Prix,2019-05-12,,2019-05-10,13:30:00,4,2019-05-10,17:30:00,2019-05-11,14:30:00,2019-05-11,17:30:00,,17:40:00,2019,,
1015,6,Monaco Grand Prix,2019-05-26,,2019-05-23,13:30:00,6,2019-05-23,17:30:00,2019-05-25,14:30:00,2019-05-25,17:30:00,,17:40:00,2019,,
1016,7,Canadian Grand Prix,2019-06-09,,2019-06-07,18:30:00,7,2019-06-07,22:30:00,2019-06-08,19:30:00,2019-06-08,22:30:00,,22:40:00,2019,,
1017,8,French Grand Prix,2019-06-23,,2019-06-21,13:30:00,34,2019-06-21,17:30:00,2019-06-22,14:30:00,2019-06-22,17:30:00,,17:40:00,2019,,
1018,9,Austrian Grand Prix,2019-06-30,,2019-06-28,13:30:00,70,2019-06-28,17:30:00,2019-06-29,14:30:00,2019-06-29,17:30:00,,17:40:00,2019,,
1019,10,British Grand Prix,2019-07-14,,2019-07-12,13:30:00,9,2019-07-12,17:30:00,2019-07-13,14:30:00,2019-07-13,17:30:00,,17:40:00,2019,,
1020,11,German Grand Prix,2019-07-28,,2019-07-26,13:30:00,10,2019-07-26,17:30:00,2019-07-27,14:30:00,2019-07-27,17:30:00,,17:40:00,2019,,
1021,12,Hungarian Grand Prix,2019-08-04,,2019-08-02,13:30:00,11,2019-08-02,17:30:00,2019-08-03,14:30:00,2019-08-03,17:30:00,,17:40:00,2019,,
1022,13,Belgian Grand Prix,2019-09-01,,2019-08-30,13:30:00,13,2019-08-30,17:30:00,2019-08-31,14:30:00,2019-08-31,17:30:00,,17:40:00,2019,,
1023,14,Italian Grand Prix,2019-09-08,,2019-09-06,13:30:00,14,2019-09-06,17:30:00,2019-09-07,14:30:00,2019-09-07,17:30:00,,17:40:00,2019,,
1024,15,Singapore Grand Prix,2019-09-22,,2019-09-20,13:00:00,15,2019-09-20,17:00:00,2019-09-21,14:30:00,2019-09-21,17:30:00,,15:40:00,2019,,
1144,24,Abu Dhabi Grand Prix,2024-12-08,,2024-12-06,13:00:00,24,2024-12-06,16:30:00,2024-12-07,14:00:00,2024-12-07,17:30:00,,16:30:00,2024,,
1124,4,Japanese Grand Prix,2024-04-07,,2024-04-05,06:00:00,22,2024-04-05,09:30:00,2024-04-06,06:00:00,2024-04-06,09:30:00,,08:30:00,2024,,
1127,7,Emilia Romagna Grand Prix,2024-05-19,,2024-05-17,15:00:00,21,2024-05-17,18:30:00,2024-05-18,14:00:00,2024-05-18,17:30:00,,16:30:00,2024,,
1128,8,Monaco Grand Prix,2024-05-26,,2024-05-24,15:00:00,6,2024-05-24,18:30:00,2024-05-25,14:00:00,2024-05-25,17:30:00,,16:30:00,2024,,
92,3,Bahrain Grand Prix,2004-04-04,,,,3,,,,,,,,,2004,,
493,11,Austrian Grand Prix,1981-08-16,,,,70,,,,,,,,,1981,,
93,4,San Marino Grand Prix,2004-04-25,,,,21,,,,,,,,,2004,,
94,5,Spanish Grand Prix,2004-05-09,,,,4,,,,,,,,,2004,,
95,6,Monaco Grand Prix,2004-05-23,,,,6,,,,,,,,,2004,,
96,7,European Grand Prix,2004-05-30,,,,20,,,,,,,,,2004,,
97,8,Canadian Grand Prix,2004-06-13,,,,7,,,,,,,,,2004,,
98,9,United States Grand Prix,2004-06-20,,,,19,,,,,,,,,2004,,
99,10,French Grand Prix,2004-07-04,,,,8,,,,,,,,,2004,,
100,11,British Grand Prix,2004-07-11,,,,9,,,,,,,,,2004,,
101,12,German Grand Prix,2004-07-25,,,,10,,,,,,,,,2004,,
102,13,Hungarian Grand Prix,2004-08-15,,,,11,,,,,,,,,2004,,
103,14,Belgian Grand Prix,2004-08-29,,,,13,,,,,,,,,2004,,
104,15,Italian Grand Prix,2004-09-12,,,,14,,,,,,,,,2004,,
105,16,Chinese Grand Prix,2004-09-26,,,,17,,,,,,,,,2004,,
106,17,Japanese Grand Prix,2004-10-10,,,,22,,,,,,,,,2004,,
107,18,Brazilian Grand Prix,2004-10-24,,,,18,,,,,,,,,2004,,
108,1,Australian Grand Prix,2003-03-09,,,,1,,,,,,,,,2003,,
109,2,Malaysian Grand Prix,2003-03-23,,,,2,,,,,,,,,2003,,
110,3,Brazilian Grand Prix,2003-04-06,,,,18,,,,,,,,,2003,,
111,4,San Marino Grand Prix,2003-04-20,,,,21,,,,,,,,,2003,,
112,5,Spanish Grand Prix,2003-05-04,,,,4,,,,,,,,,2003,,
113,6,Austrian Grand Prix,2003-05-18,,,,70,,,,,,,,,2003,,
114,7,Monaco Grand Prix,2003-06-01,,,,6,,,,,,,,,2003,,
115,8,Canadian Grand Prix,2003-06-15,,,,7,,,,,,,,,2003,,
116,9,European Grand Prix,2003-06-29,,,,20,,,,,,,,,2003,,
117,10,French Grand Prix,2003-07-06,,,,8,,,,,,,,,2003,,
118,11,British Grand Prix,2003-07-20,,,,9,,,,,,,,,2003,,
119,12,German Grand Prix,2003-08-03,,,,10,,,,,,,,,2003,,
120,13,Hungarian Grand Prix,2003-08-24,,,,11,,,,,,,,,2003,,
121,14,Italian Grand Prix,2003-09-14,,,,14,,,,,,,,,2003,,
122,15,United States Grand Prix,2003-09-28,,,,19,,,,,,,,,2003,,
123,16,Japanese Grand Prix,2003-10-12,,,,22,,,,,,,,,2003,,
124,1,Australian Grand Prix,2002-03-03,,,,1,,,,,,,,,2002,,
125,2,Malaysian Grand Prix,2002-03-17,,,,2,,,,,,,,,2002,,
126,3,Brazilian Grand Prix,2002-03-31,,,,18,,,,,,,,,2002,,
127,4,San Marino Grand Prix,2002-04-14,,,,21,,,,,,,,,2002,,
128,5,Spanish Grand Prix,2002-04-28,,,,4,,,,,,,,,2002,,
129,6,Austrian Grand Prix,2002-05-12,,,,70,,,,,,,,,2002,,
130,7,Monaco Grand Prix,2002-05-26,,,,6,,,,,,,,,2002,,
131,8,Canadian Grand Prix,2002-06-09,,,,7,,,,,,,,,2002,,
132,9,European Grand Prix,2002-06-23,,,,20,,,,,,,,,2002,,
133,10,British Grand Prix,2002-07-07,,,,9,,,,,,,,,2002,,
134,11,French Grand Prix,2002-07-21,,,,8,,,,,,,,,2002,,
135,12,German Grand Prix,2002-07-28,,,,10,,,,,,,,,2002,,
136,13,Hungarian Grand Prix,2002-08-18,,,,11,,,,,,,,,2002,,
137,14,Belgian Grand Prix,2002-09-01,,,,13,,,,,,,,,2002,,
138,15,Italian Grand Prix,2002-09-15,,,,14,,,,,,,,,2002,,
139,16,United States Grand Prix,2002-09-29,,,,19,,,,,,,,,2002,,
140,17,Japanese Grand Prix,2002-10-13,,,,22,,,,,,,,,2002,,
141,1,Australian Grand Prix,2001-03-04,,,,1,,,,,,,,,2001,,
142,2,Malaysian Grand Prix,2001-03-18,,,,2,,,,,,,,,2001,,
143,3,Brazilian Grand Prix,2001-04-01,,,,18,,,,,,,,,2001,,
144,4,San Marino Grand Prix,2001-04-15,,,,21,,,,,,,,,2001,,
145,5,Spanish Grand Prix,2001-04-29,,,,4,,,,,,,,,2001,,
146,6,Austrian Grand Prix,2001-05-13,,,,70,,,,,,,,,2001,,
147,7,Monaco Grand Prix,2001-05-27,,,,6,,,,,,,,,2001,,
148,8,Canadian Grand Prix,2001-06-10,,,,7,,,,,,,,,2001,,
149,9,European Grand Prix,2001-06-24,,,,20,,,,,,,,,2001,,
150,10,French Grand Prix,2001-07-01,,,,8,,,,,,,,,2001,,
151,11,British Grand Prix,2001-07-15,,,,9,,,,,,,,,2001,,
152,12,German Grand Prix,2001-07-29,,,,10,,,,,,,,,2001,,
153,13,Hungarian Grand Prix,2001-08-19,,,,11,,,,,,,,,2001,,
154,14,Belgian Grand Prix,2001-09-02,,,,13,,,,,,,,,2001,,
155,15,Italian Grand Prix,2001-09-16,,,,14,,,,,,,,,2001,,
156,16,United States Grand Prix,2001-09-30,,,,19,,,,,,,,,2001,,
157,17,Japanese Grand Prix,2001-10-14,,,,22,,,,,,,,,2001,,
158,1,Australian Grand Prix,2000-03-12,,,,1,,,,,,,,,2000,,
159,2,Brazilian Grand Prix,2000-03-26,,,,18,,,,,,,,,2000,,
160,3,San Marino Grand Prix,2000-04-09,,,,21,,,,,,,,,2000,,
161,4,British Grand Prix,2000-04-23,,,,9,,,,,,,,,2000,,
162,5,Spanish Grand Prix,2000-05-07,,,,4,,,,,,,,,2000,,
163,6,European Grand Prix,2000-05-21,,,,20,,,,,,,,,2000,,
164,7,Monaco Grand Prix,2000-06-04,,,,6,,,,,,,,,2000,,
165,8,Canadian Grand Prix,2000-06-18,,,,7,,,,,,,,,2000,,
166,9,French Grand Prix,2000-07-02,,,,8,,,,,,,,,2000,,
167,10,Austrian Grand Prix,2000-07-16,,,,70,,,,,,,,,2000,,
168,11,German Grand Prix,2000-07-30,,,,10,,,,,,,,,2000,,
169,12,Hungarian Grand Prix,2000-08-13,,,,11,,,,,,,,,2000,,
170,13,Belgian Grand Prix,2000-08-27,,,,13,,,,,,,,,2000,,
171,14,Italian Grand Prix,2000-09-10,,,,14,,,,,,,,,2000,,
172,15,United States Grand Prix,2000-09-24,,,,19,,,,,,,,,2000,,
173,16,Japanese Grand Prix,2000-10-08,,,,22,,,,,,,,,2000,,
174,17,Malaysian Grand Prix,2000-10-22,,,,2,,,,,,,,,2000,,
175,1,Australian Grand Prix,1999-03-07,,,,1,,,,,,,,,1999,,
176,2,Brazilian Grand Prix,1999-04-11,,,,18,,,,,,,,,1999,,
177,3,San Marino Grand Prix,1999-05-02,,,,21,,,,,,,,,1999,,
178,4,Monaco Grand Prix,1999-05-16,,,,6,,,,,,,,,1999,,
179,5,Spanish Grand Prix,1999-05-30,,,,4,,,,,,,,,1999,,
180,6,Canadian Grand Prix,1999-06-13,,,,7,,,,,,,,,1999,,
181,7,French Grand Prix,1999-06-27,,,,8,,,,,,,,,1999,,
182,8,British Grand Prix,1999-07-11,,,,9,,,,,,,,,1999,,
183,9,Austrian Grand Prix,1999-07-25,,,,70,,,,,,,,,1999,,
184,10,German Grand Prix,1999-08-01,,,,10,,,,,,,,,1999,,
185,11,Hungarian Grand Prix,1999-08-15,,,,11,,,,,,,,,1999,,
186,12,Belgian Grand Prix,1999-08-29,,,,13,,,,,,,,,1999,,
187,13,Italian Grand Prix,1999-09-12,,,,14,,,,,,,,,1999,,
188,14,European Grand Prix,1999-09-26,,,,20,,,,,,,,,1999,,
189,15,Malaysian Grand Prix,1999-10-17,,,,2,,,,,,,,,1999,,
190,16,Japanese Grand Prix,1999-10-31,,,,22,,,,,,,,,1999,,
191,1,Australian Grand Prix,1998-03-08,,,,1,,,,,,,,,1998,,
192,2,Brazilian Grand Prix,1998-03-29,,,,18,,,,,,,,,1998,,
193,3,Argentine Grand Prix,1998-04-12,,,,25,,,,,,,,,1998,,
194,4,San Marino Grand Prix,1998-04-26,,,,21,,,,,,,,,1998,,
195,5,Spanish Grand Prix,1998-05-10,,,,4,,,,,,,,,1998,,
196,6,Monaco Grand Prix,1998-05-24,,,,6,,,,,,,,,1998,,
197,7,Canadian Grand Prix,1998-06-07,,,,7,,,,,,,,,1998,,
198,8,French Grand Prix,1998-06-28,,,,8,,,,,,,,,1998,,
199,9,British Grand Prix,1998-07-12,,,,9,,,,,,,,,1998,,
200,10,Austrian Grand Prix,1998-07-26,,,,70,,,,,,,,,1998,,
201,11,German Grand Prix,1998-08-02,,,,10,,,,,,,,,1998,,
202,12,Hungarian Grand Prix,1998-08-16,,,,11,,,,,,,,,1998,,
203,13,Belgian Grand Prix,1998-08-30,,,,13,,,,,,,,,1998,,
204,14,Italian Grand Prix,1998-09-13,,,,14,,,,,,,,,1998,,
205,15,Luxembourg Grand Prix,1998-09-27,,,,20,,,,,,,,,1998,,
206,16,Japanese Grand Prix,1998-11-01,,,,22,,,,,,,,,1998,,
207,1,Australian Grand Prix,1997-03-09,,,,1,,,,,,,,,1997,,
208,2,Brazilian Grand Prix,1997-03-30,,,,18,,,,,,,,,1997,,
209,3,Argentine Grand Prix,1997-04-13,,,,25,,,,,,,,,1997,,
210,4,San Marino Grand Prix,1997-04-27,,,,21,,,,,,,,,1997,,
211,5,Monaco Grand Prix,1997-05-11,,,,6,,,,,,,,,1997,,
212,6,Spanish Grand Prix,1997-05-25,,,,4,,,,,,,,,1997,,
213,7,Canadian Grand Prix,1997-06-15,,,,7,,,,,,,,,1997,,
214,8,French Grand Prix,1997-06-29,,,,8,,,,,,,,,1997,,
215,9,British Grand Prix,1997-07-13,,,,9,,,,,,,,,1997,,
216,10,German Grand Prix,1997-07-27,,,,10,,,,,,,,,1997,,
217,11,Hungarian Grand Prix,1997-08-10,,,,11,,,,,,,,,1997,,
218,12,Belgian Grand Prix,1997-08-24,,,,13,,,,,,,,,1997,,
219,13,Italian Grand Prix,1997-09-07,,,,14,,,,,,,,,1997,,
220,14,Austrian Grand Prix,1997-09-21,,,,70,,,,,,,,,1997,,
221,15,Luxembourg Grand Prix,1997-09-28,,,,20,,,,,,,,,1997,,
222,16,Japanese Grand Prix,1997-10-12,,,,22,,,,,,,,,1997,,
223,17,European Grand Prix,1997-10-26,,,,26,,,,,,,,,1997,,
224,1,Australian Grand Prix,1996-03-10,,,,1,,,,,,,,,1996,,
225,2,Brazilian Grand Prix,1996-03-31,,,,18,,,,,,,,,1996,,
226,3,Argentine Grand Prix,1996-04-07,,,,25,,,,,,,,,1996,,
227,4,European Grand Prix,1996-04-28,,,,20,,,,,,,,,1996,,
228,5,San Marino Grand Prix,1996-05-05,,,,21,,,,,,,,,1996,,
229,6,Monaco Grand Prix,1996-05-19,,,,6,,,,,,,,,1996,,
230,7,Spanish Grand Prix,1996-06-02,,,,4,,,,,,,,,1996,,
231,8,Canadian Grand Prix,1996-06-16,,,,7,,,,,,,,,1996,,
232,9,French Grand Prix,1996-06-30,,,,8,,,,,,,,,1996,,
233,10,British Grand Prix,1996-07-14,,,,9,,,,,,,,,1996,,
234,11,German Grand Prix,1996-07-28,,,,10,,,,,,,,,1996,,
235,12,Hungarian Grand Prix,1996-08-11,,,,11,,,,,,,,,1996,,
236,13,Belgian Grand Prix,1996-08-25,,,,13,,,,,,,,,1996,,
237,14,Italian Grand Prix,1996-09-08,,,,14,,,,,,,,,1996,,
238,15,Portuguese Grand Prix,1996-09-22,,,,27,,,,,,,,,1996,,
239,16,Japanese Grand Prix,1996-10-13,,,,22,,,,,,,,,1996,,
240,1,Brazilian Grand Prix,1995-03-26,,,,18,,,,,,,,,1995,,
241,2,Argentine Grand Prix,1995-04-09,,,,25,,,,,,,,,1995,,
242,3,San Marino Grand Prix,1995-04-30,,,,21,,,,,,,,,1995,,
243,4,Spanish Grand Prix,1995-05-14,,,,4,,,,,,,,,1995,,
244,5,Monaco Grand Prix,1995-05-28,,,,6,,,,,,,,,1995,,
245,6,Canadian Grand Prix,1995-06-11,,,,7,,,,,,,,,1995,,
246,7,French Grand Prix,1995-07-02,,,,8,,,,,,,,,1995,,
247,8,British Grand Prix,1995-07-16,,,,9,,,,,,,,,1995,,
248,9,German Grand Prix,1995-07-30,,,,10,,,,,,,,,1995,,
249,10,Hungarian Grand Prix,1995-08-13,,,,11,,,,,,,,,1995,,
250,11,Belgian Grand Prix,1995-08-27,,,,13,,,,,,,,,1995,,
251,12,Italian Grand Prix,1995-09-10,,,,14,,,,,,,,,1995,,
252,13,Portuguese Grand Prix,1995-09-24,,,,27,,,,,,,,,1995,,
253,14,European Grand Prix,1995-10-01,,,,20,,,,,,,,,1995,,
254,15,Pacific Grand Prix,1995-10-22,,,,28,,,,,,,,,1995,,
255,16,Japanese Grand Prix,1995-10-29,,,,22,,,,,,,,,1995,,
256,17,Australian Grand Prix,1995-11-12,,,,29,,,,,,,,,1995,,
257,1,Brazilian Grand Prix,1994-03-27,,,,18,,,,,,,,,1994,,
258,2,Pacific Grand Prix,1994-04-17,,,,28,,,,,,,,,1994,,
259,3,San Marino Grand Prix,1994-05-01,,,,21,,,,,,,,,1994,,
260,4,Monaco Grand Prix,1994-05-15,,,,6,,,,,,,,,1994,,
261,5,Spanish Grand Prix,1994-05-29,,,,4,,,,,,,,,1994,,
262,6,Canadian Grand Prix,1994-06-12,,,,7,,,,,,,,,1994,,
263,7,French Grand Prix,1994-07-03,,,,8,,,,,,,,,1994,,
264,8,British Grand Prix,1994-07-10,,,,9,,,,,,,,,1994,,
265,9,German Grand Prix,1994-07-31,,,,10,,,,,,,,,1994,,
266,10,Hungarian Grand Prix,1994-08-14,,,,11,,,,,,,,,1994,,
267,11,Belgian Grand Prix,1994-08-28,,,,13,,,,,,,,,1994,,
268,12,Italian Grand Prix,1994-09-11,,,,14,,,,,,,,,1994,,
269,13,Portuguese Grand Prix,1994-09-25,,,,27,,,,,,,,,1994,,
270,14,European Grand Prix,1994-10-16,,,,26,,,,,,,,,1994,,
271,15,Japanese Grand Prix,1994-11-06,,,,22,,,,,,,,,1994,,
272,16,Australian Grand Prix,1994-11-13,,,,29,,,,,,,,,1994,,
273,1,South African Grand Prix,1993-03-14,,,,30,,,,,,,,,1993,,
274,2,Brazilian Grand Prix,1993-03-28,,,,18,,,,,,,,,1993,,
275,3,European Grand Prix,1993-04-11,,,,31,,,,,,,,,1993,,
276,4,San Marino Grand Prix,1993-04-25,,,,21,,,,,,,,,1993,,
277,5,Spanish Grand Prix,1993-05-09,,,,4,,,,,,,,,1993,,
278,6,Monaco Grand Prix,1993-05-23,,,,6,,,,,,,,,1993,,
279,7,Canadian Grand Prix,1993-06-13,,,,7,,,,,,,,,1993,,
280,8,French Grand Prix,1993-07-04,,,,8,,,,,,,,,1993,,
281,9,British Grand Prix,1993-07-11,,,,9,,,,,,,,,1993,,
282,10,German Grand Prix,1993-07-25,,,,10,,,,,,,,,1993,,
283,11,Hungarian Grand Prix,1993-08-15,,,,11,,,,,,,,,1993,,
284,12,Belgian Grand Prix,1993-08-29,,,,13,,,,,,,,,1993,,
285,13,Italian Grand Prix,1993-09-12,,,,14,,,,,,,,,1993,,
286,14,Portuguese Grand Prix,1993-09-26,,,,27,,,,,,,,,1993,,
287,15,Japanese Grand Prix,1993-10-24,,,,22,,,,,,,,,1993,,
288,16,Australian Grand Prix,1993-11-07,,,,29,,,,,,,,,1993,,
289,1,South African Grand Prix,1992-03-01,,,,30,,,,,,,,,1992,,
290,2,Mexican Grand Prix,1992-03-22,,,,32,,,,,,,,,1992,,
291,3,Brazilian Grand Prix,1992-04-05,,,,18,,,,,,,,,1992,,
292,4,Spanish Grand Prix,1992-05-03,,,,4,,,,,,,,,1992,,
293,5,San Marino Grand Prix,1992-05-17,,,,21,,,,,,,,,1992,,
294,6,Monaco Grand Prix,1992-05-31,,,,6,,,,,,,,,1992,,
295,7,Canadian Grand Prix,1992-06-14,,,,7,,,,,,,,,1992,,
296,8,French Grand Prix,1992-07-05,,,,8,,,,,,,,,1992,,
297,9,British Grand Prix,1992-07-12,,,,9,,,,,,,,,1992,,
298,10,German Grand Prix,1992-07-26,,,,10,,,,,,,,,1992,,
299,11,Hungarian Grand Prix,1992-08-16,,,,11,,,,,,,,,1992,,
300,12,Belgian Grand Prix,1992-08-30,,,,13,,,,,,,,,1992,,
301,13,Italian Grand Prix,1992-09-13,,,,14,,,,,,,,,1992,,
302,14,Portuguese Grand Prix,1992-09-27,,,,27,,,,,,,,,1992,,
303,15,Japanese Grand Prix,1992-10-25,,,,22,,,,,,,,,1992,,
304,16,Australian Grand Prix,1992-11-08,,,,29,,,,,,,,,1992,,
305,1,United States Grand Prix,1991-03-10,,,,33,,,,,,,,,1991,,
306,2,Brazilian Grand Prix,1991-03-24,,,,18,,,,,,,,,1991,,
307,3,San Marino Grand Prix,1991-04-28,,,,21,,,,,,,,,1991,,
308,4,Monaco Grand Prix,1991-05-12,,,,6,,,,,,,,,1991,,
309,5,Canadian Grand Prix,1991-06-02,,,,7,,,,,,,,,1991,,
310,6,Mexican Grand Prix,1991-06-16,,,,32,,,,,,,,,1991,,
311,7,French Grand Prix,1991-07-07,,,,8,,,,,,,,,1991,,
312,8,British Grand Prix,1991-07-14,,,,9,,,,,,,,,1991,,
313,9,German Grand Prix,1991-07-28,,,,10,,,,,,,,,1991,,
314,10,Hungarian Grand Prix,1991-08-11,,,,11,,,,,,,,,1991,,
315,11,Belgian Grand Prix,1991-08-25,,,,13,,,,,,,,,1991,,
316,12,Italian Grand Prix,1991-09-08,,,,14,,,,,,,,,1991,,
317,13,Portuguese Grand Prix,1991-09-22,,,,27,,,,,,,,,1991,,
318,14,Spanish Grand Prix,1991-09-29,,,,4,,,,,,,,,1991,,
319,15,Japanese Grand Prix,1991-10-20,,,,22,,,,,,,,,1991,,
320,16,Australian Grand Prix,1991-11-03,,,,29,,,,,,,,,1991,,
321,1,United States Grand Prix,1990-03-11,,,,33,,,,,,,,,1990,,
322,2,Brazilian Grand Prix,1990-03-25,,,,18,,,,,,,,,1990,,
323,3,San Marino Grand Prix,1990-05-13,,,,21,,,,,,,,,1990,,
324,4,Monaco Grand Prix,1990-05-27,,,,6,,,,,,,,,1990,,
325,5,Canadian Grand Prix,1990-06-10,,,,7,,,,,,,,,1990,,
326,6,Mexican Grand Prix,1990-06-24,,,,32,,,,,,,,,1990,,
327,7,French Grand Prix,1990-07-08,,,,34,,,,,,,,,1990,,
328,8,British Grand Prix,1990-07-15,,,,9,,,,,,,,,1990,,
329,9,German Grand Prix,1990-07-29,,,,10,,,,,,,,,1990,,
330,10,Hungarian Grand Prix,1990-08-12,,,,11,,,,,,,,,1990,,
331,11,Belgian Grand Prix,1990-08-26,,,,13,,,,,,,,,1990,,
332,12,Italian Grand Prix,1990-09-09,,,,14,,,,,,,,,1990,,
333,13,Portuguese Grand Prix,1990-09-23,,,,27,,,,,,,,,1990,,
334,14,Spanish Grand Prix,1990-09-30,,,,26,,,,,,,,,1990,,
335,15,Japanese Grand Prix,1990-10-21,,,,22,,,,,,,,,1990,,
336,16,Australian Grand Prix,1990-11-04,,,,29,,,,,,,,,1990,,
337,1,Bahrain Grand Prix,2010-03-14,,,,3,,,,,,,,12:00:00,2010,,
338,2,Australian Grand Prix,2010-03-28,,,,1,,,,,,,,06:00:00,2010,,
339,3,Malaysian Grand Prix,2010-04-04,,,,2,,,,,,,,08:00:00,2010,,
340,4,Chinese Grand Prix,2010-04-18,,,,17,,,,,,,,06:00:00,2010,,
341,5,Spanish Grand Prix,2010-05-09,,,,4,,,,,,,,12:00:00,2010,,
342,6,Monaco Grand Prix,2010-05-16,,,,6,,,,,,,,12:00:00,2010,,
343,7,Turkish Grand Prix,2010-05-30,,,,5,,,,,,,,11:00:00,2010,,
344,8,Canadian Grand Prix,2010-06-13,,,,7,,,,,,,,16:00:00,2010,,
345,9,European Grand Prix,2010-06-27,,,,12,,,,,,,,12:00:00,2010,,
346,10,British Grand Prix,2010-07-11,,,,9,,,,,,,,12:00:00,2010,,
347,11,German Grand Prix,2010-07-25,,,,10,,,,,,,,12:00:00,2010,,
348,12,Hungarian Grand Prix,2010-08-01,,,,11,,,,,,,,12:00:00,2010,,
349,13,Belgian Grand Prix,2010-08-29,,,,13,,,,,,,,12:00:00,2010,,
350,14,Italian Grand Prix,2010-09-12,,,,14,,,,,,,,12:00:00,2010,,
351,15,Singapore Grand Prix,2010-09-26,,,,15,,,,,,,,12:00:00,2010,,
352,16,Japanese Grand Prix,2010-10-10,,,,22,,,,,,,,06:00:00,2010,,
353,17,Korean Grand Prix,2010-10-24,,,,35,,,,,,,,05:00:00,2010,,
354,18,Brazilian Grand Prix,2010-11-07,,,,18,,,,,,,,16:00:00,2010,,
355,19,Abu Dhabi Grand Prix,2010-11-14,,,,24,,,,,,,,13:00:00,2010,,
356,1,Brazilian Grand Prix,1989-03-26,,,,36,,,,,,,,,1989,,
357,2,San Marino Grand Prix,1989-04-23,,,,21,,,,,,,,,1989,,
358,3,Monaco Grand Prix,1989-05-07,,,,6,,,,,,,,,1989,,
359,4,Mexican Grand Prix,1989-05-28,,,,32,,,,,,,,,1989,,
360,5,United States Grand Prix,1989-06-04,,,,33,,,,,,,,,1989,,
361,6,Canadian Grand Prix,1989-06-18,,,,7,,,,,,,,,1989,,
362,7,French Grand Prix,1989-07-09,,,,34,,,,,,,,,1989,,
363,8,British Grand Prix,1989-07-16,,,,9,,,,,,,,,1989,,
364,9,German Grand Prix,1989-07-30,,,,10,,,,,,,,,1989,,
365,10,Hungarian Grand Prix,1989-08-13,,,,11,,,,,,,,,1989,,
366,11,Belgian Grand Prix,1989-08-27,,,,13,,,,,,,,,1989,,
367,12,Italian Grand Prix,1989-09-10,,,,14,,,,,,,,,1989,,
368,13,Portuguese Grand Prix,1989-09-24,,,,27,,,,,,,,,1989,,
369,14,Spanish Grand Prix,1989-10-01,,,,26,,,,,,,,,1989,,
370,15,Japanese Grand Prix,1989-10-22,,,,22,,,,,,,,,1989,,
371,16,Australian Grand Prix,1989-11-05,,,,29,,,,,,,,,1989,,
372,1,Brazilian Grand Prix,1988-04-03,,,,36,,,,,,,,,1988,,
373,2,San Marino Grand Prix,1988-05-01,,,,21,,,,,,,,,1988,,
374,3,Monaco Grand Prix,1988-05-15,,,,6,,,,,,,,,1988,,
375,4,Mexican Grand Prix,1988-05-29,,,,32,,,,,,,,,1988,,
376,5,Canadian Grand Prix,1988-06-12,,,,7,,,,,,,,,1988,,
377,6,Detroit Grand Prix,1988-06-19,,,,37,,,,,,,,,1988,,
378,7,French Grand Prix,1988-07-03,,,,34,,,,,,,,,1988,,
379,8,British Grand Prix,1988-07-10,,,,9,,,,,,,,,1988,,
380,9,German Grand Prix,1988-07-24,,,,10,,,,,,,,,1988,,
381,10,Hungarian Grand Prix,1988-08-07,,,,11,,,,,,,,,1988,,
382,11,Belgian Grand Prix,1988-08-28,,,,13,,,,,,,,,1988,,
383,12,Italian Grand Prix,1988-09-11,,,,14,,,,,,,,,1988,,
384,13,Portuguese Grand Prix,1988-09-25,,,,27,,,,,,,,,1988,,
385,14,Spanish Grand Prix,1988-10-02,,,,26,,,,,,,,,1988,,
386,15,Japanese Grand Prix,1988-10-30,,,,22,,,,,,,,,1988,,
387,16,Australian Grand Prix,1988-11-13,,,,29,,,,,,,,,1988,,
388,1,Brazilian Grand Prix,1987-04-12,,,,36,,,,,,,,,1987,,
389,2,San Marino Grand Prix,1987-05-03,,,,21,,,,,,,,,1987,,
390,3,Belgian Grand Prix,1987-05-17,,,,13,,,,,,,,,1987,,
391,4,Monaco Grand Prix,1987-05-31,,,,6,,,,,,,,,1987,,
392,5,Detroit Grand Prix,1987-06-21,,,,37,,,,,,,,,1987,,
393,6,French Grand Prix,1987-07-05,,,,34,,,,,,,,,1987,,
394,7,British Grand Prix,1987-07-12,,,,9,,,,,,,,,1987,,
395,8,German Grand Prix,1987-07-26,,,,10,,,,,,,,,1987,,
396,9,Hungarian Grand Prix,1987-08-09,,,,11,,,,,,,,,1987,,
397,10,Austrian Grand Prix,1987-08-16,,,,70,,,,,,,,,1987,,
398,11,Italian Grand Prix,1987-09-06,,,,14,,,,,,,,,1987,,
399,12,Portuguese Grand Prix,1987-09-20,,,,27,,,,,,,,,1987,,
400,13,Spanish Grand Prix,1987-09-27,,,,26,,,,,,,,,1987,,
401,14,Mexican Grand Prix,1987-10-18,,,,32,,,,,,,,,1987,,
402,15,Japanese Grand Prix,1987-11-01,,,,22,,,,,,,,,1987,,
403,16,Australian Grand Prix,1987-11-15,,,,29,,,,,,,,,1987,,
404,1,Brazilian Grand Prix,1986-03-23,,,,36,,,,,,,,,1986,,
405,2,Spanish Grand Prix,1986-04-13,,,,26,,,,,,,,,1986,,
406,3,San Marino Grand Prix,1986-04-27,,,,21,,,,,,,,,1986,,
407,4,Monaco Grand Prix,1986-05-11,,,,6,,,,,,,,,1986,,
408,5,Belgian Grand Prix,1986-05-25,,,,13,,,,,,,,,1986,,
409,6,Canadian Grand Prix,1986-06-15,,,,7,,,,,,,,,1986,,
410,7,Detroit Grand Prix,1986-06-22,,,,37,,,,,,,,,1986,,
411,8,French Grand Prix,1986-07-06,,,,34,,,,,,,,,1986,,
412,9,British Grand Prix,1986-07-13,,,,38,,,,,,,,,1986,,
413,10,German Grand Prix,1986-07-27,,,,10,,,,,,,,,1986,,
414,11,Hungarian Grand Prix,1986-08-10,,,,11,,,,,,,,,1986,,
415,12,Austrian Grand Prix,1986-08-17,,,,70,,,,,,,,,1986,,
416,13,Italian Grand Prix,1986-09-07,,,,14,,,,,,,,,1986,,
417,14,Portuguese Grand Prix,1986-09-21,,,,27,,,,,,,,,1986,,
418,15,Mexican Grand Prix,1986-10-12,,,,32,,,,,,,,,1986,,
419,16,Australian Grand Prix,1986-10-26,,,,29,,,,,,,,,1986,,
420,1,Brazilian Grand Prix,1985-04-07,,,,36,,,,,,,,,1985,,
421,2,Portuguese Grand Prix,1985-04-21,,,,27,,,,,,,,,1985,,
422,3,San Marino Grand Prix,1985-05-05,,,,21,,,,,,,,,1985,,
423,4,Monaco Grand Prix,1985-05-19,,,,6,,,,,,,,,1985,,
424,5,Canadian Grand Prix,1985-06-16,,,,7,,,,,,,,,1985,,
425,6,Detroit Grand Prix,1985-06-23,,,,37,,,,,,,,,1985,,
426,7,French Grand Prix,1985-07-07,,,,34,,,,,,,,,1985,,
427,8,British Grand Prix,1985-07-21,,,,9,,,,,,,,,1985,,
428,9,German Grand Prix,1985-08-04,,,,20,,,,,,,,,1985,,
429,10,Austrian Grand Prix,1985-08-18,,,,70,,,,,,,,,1985,,
430,11,Dutch Grand Prix,1985-08-25,,,,39,,,,,,,,,1985,,
431,12,Italian Grand Prix,1985-09-08,,,,14,,,,,,,,,1985,,
432,13,Belgian Grand Prix,1985-09-15,,,,13,,,,,,,,,1985,,
433,14,European Grand Prix,1985-10-06,,,,38,,,,,,,,,1985,,
434,15,South African Grand Prix,1985-10-19,,,,30,,,,,,,,,1985,,
435,16,Australian Grand Prix,1985-11-03,,,,29,,,,,,,,,1985,,
436,1,Brazilian Grand Prix,1984-03-25,,,,36,,,,,,,,,1984,,
437,2,South African Grand Prix,1984-04-07,,,,30,,,,,,,,,1984,,
438,3,Belgian Grand Prix,1984-04-29,,,,40,,,,,,,,,1984,,
439,4,San Marino Grand Prix,1984-05-06,,,,21,,,,,,,,,1984,,
440,5,French Grand Prix,1984-05-20,,,,41,,,,,,,,,1984,,
441,6,Monaco Grand Prix,1984-06-03,,,,6,,,,,,,,,1984,,
442,7,Canadian Grand Prix,1984-06-17,,,,7,,,,,,,,,1984,,
443,8,Detroit Grand Prix,1984-06-24,,,,37,,,,,,,,,1984,,
444,9,Dallas Grand Prix,1984-07-08,,,,42,,,,,,,,,1984,,
445,10,British Grand Prix,1984-07-22,,,,38,,,,,,,,,1984,,
446,11,German Grand Prix,1984-08-05,,,,10,,,,,,,,,1984,,
447,12,Austrian Grand Prix,1984-08-19,,,,70,,,,,,,,,1984,,
448,13,Dutch Grand Prix,1984-08-26,,,,39,,,,,,,,,1984,,
449,14,Italian Grand Prix,1984-09-09,,,,14,,,,,,,,,1984,,
450,15,European Grand Prix,1984-10-07,,,,20,,,,,,,,,1984,,
451,16,Portuguese Grand Prix,1984-10-21,,,,27,,,,,,,,,1984,,
452,1,Brazilian Grand Prix,1983-03-13,,,,36,,,,,,,,,1983,,
453,2,United States Grand Prix West,1983-03-27,,,,43,,,,,,,,,1983,,
454,3,French Grand Prix,1983-04-17,,,,34,,,,,,,,,1983,,
455,4,San Marino Grand Prix,1983-05-01,,,,21,,,,,,,,,1983,,
456,5,Monaco Grand Prix,1983-05-15,,,,6,,,,,,,,,1983,,
457,6,Belgian Grand Prix,1983-05-22,,,,13,,,,,,,,,1983,,
458,7,Detroit Grand Prix,1983-06-05,,,,37,,,,,,,,,1983,,
459,8,Canadian Grand Prix,1983-06-12,,,,7,,,,,,,,,1983,,
460,9,British Grand Prix,1983-07-16,,,,9,,,,,,,,,1983,,
461,10,German Grand Prix,1983-08-07,,,,10,,,,,,,,,1983,,
462,11,Austrian Grand Prix,1983-08-14,,,,70,,,,,,,,,1983,,
463,12,Dutch Grand Prix,1983-08-28,,,,39,,,,,,,,,1983,,
464,13,Italian Grand Prix,1983-09-11,,,,14,,,,,,,,,1983,,
465,14,European Grand Prix,1983-09-25,,,,38,,,,,,,,,1983,,
466,15,South African Grand Prix,1983-10-15,,,,30,,,,,,,,,1983,,
467,1,South African Grand Prix,1982-01-23,,,,30,,,,,,,,,1982,,
468,2,Brazilian Grand Prix,1982-03-21,,,,36,,,,,,,,,1982,,
469,3,United States Grand Prix West,1982-04-04,,,,43,,,,,,,,,1982,,
470,4,San Marino Grand Prix,1982-04-25,,,,21,,,,,,,,,1982,,
471,5,Belgian Grand Prix,1982-05-09,,,,40,,,,,,,,,1982,,
472,6,Monaco Grand Prix,1982-05-23,,,,6,,,,,,,,,1982,,
473,7,Detroit Grand Prix,1982-06-06,,,,37,,,,,,,,,1982,,
474,8,Canadian Grand Prix,1982-06-13,,,,7,,,,,,,,,1982,,
475,9,Dutch Grand Prix,1982-07-03,,,,39,,,,,,,,,1982,,
476,10,British Grand Prix,1982-07-18,,,,38,,,,,,,,,1982,,
477,11,French Grand Prix,1982-07-25,,,,34,,,,,,,,,1982,,
478,12,German Grand Prix,1982-08-08,,,,10,,,,,,,,,1982,,
479,13,Austrian Grand Prix,1982-08-15,,,,70,,,,,,,,,1982,,
480,14,Swiss Grand Prix,1982-08-29,,,,41,,,,,,,,,1982,,
481,15,Italian Grand Prix,1982-09-12,,,,14,,,,,,,,,1982,,
482,16,Caesars Palace Grand Prix,1982-09-25,,,,44,,,,,,,,,1982,,
483,1,United States Grand Prix West,1981-03-15,,,,43,,,,,,,,,1981,,
484,2,Brazilian Grand Prix,1981-03-29,,,,36,,,,,,,,,1981,,
485,3,Argentine Grand Prix,1981-04-12,,,,25,,,,,,,,,1981,,
486,4,San Marino Grand Prix,1981-05-03,,,,21,,,,,,,,,1981,,
487,5,Belgian Grand Prix,1981-05-17,,,,40,,,,,,,,,1981,,
488,6,Monaco Grand Prix,1981-05-31,,,,6,,,,,,,,,1981,,
489,7,Spanish Grand Prix,1981-06-21,,,,45,,,,,,,,,1981,,
490,8,French Grand Prix,1981-07-05,,,,41,,,,,,,,,1981,,
491,9,British Grand Prix,1981-07-18,,,,9,,,,,,,,,1981,,
492,10,German Grand Prix,1981-08-02,,,,10,,,,,,,,,1981,,
494,12,Dutch Grand Prix,1981-08-30,,,,39,,,,,,,,,1981,,
495,13,Italian Grand Prix,1981-09-13,,,,14,,,,,,,,,1981,,
496,14,Canadian Grand Prix,1981-09-27,,,,7,,,,,,,,,1981,,
497,15,Caesars Palace Grand Prix,1981-10-17,,,,44,,,,,,,,,1981,,
498,1,Argentine Grand Prix,1980-01-13,,,,25,,,,,,,,,1980,,
499,2,Brazilian Grand Prix,1980-01-27,,,,18,,,,,,,,,1980,,
500,3,South African Grand Prix,1980-03-01,,,,30,,,,,,,,,1980,,
501,4,United States Grand Prix West,1980-03-30,,,,43,,,,,,,,,1980,,
502,5,Belgian Grand Prix,1980-05-04,,,,40,,,,,,,,,1980,,
503,6,Monaco Grand Prix,1980-05-18,,,,6,,,,,,,,,1980,,
504,7,French Grand Prix,1980-06-29,,,,34,,,,,,,,,1980,,
505,8,British Grand Prix,1980-07-13,,,,38,,,,,,,,,1980,,
506,9,German Grand Prix,1980-08-10,,,,10,,,,,,,,,1980,,
507,10,Austrian Grand Prix,1980-08-17,,,,70,,,,,,,,,1980,,
508,11,Dutch Grand Prix,1980-08-31,,,,39,,,,,,,,,1980,,
509,12,Italian Grand Prix,1980-09-14,,,,21,,,,,,,,,1980,,
510,13,Canadian Grand Prix,1980-09-28,,,,7,,,,,,,,,1980,,
511,14,United States Grand Prix,1980-10-05,,,,46,,,,,,,,,1980,,
512,1,Argentine Grand Prix,1979-01-21,,,,25,,,,,,,,,1979,,
513,2,Brazilian Grand Prix,1979-02-04,,,,18,,,,,,,,,1979,,
514,3,South African Grand Prix,1979-03-03,,,,30,,,,,,,,,1979,,
515,4,United States Grand Prix West,1979-04-08,,,,43,,,,,,,,,1979,,
516,5,Spanish Grand Prix,1979-04-29,,,,45,,,,,,,,,1979,,
517,6,Belgian Grand Prix,1979-05-13,,,,40,,,,,,,,,1979,,
518,7,Monaco Grand Prix,1979-05-27,,,,6,,,,,,,,,1979,,
519,8,French Grand Prix,1979-07-01,,,,41,,,,,,,,,1979,,
520,9,British Grand Prix,1979-07-14,,,,9,,,,,,,,,1979,,
521,10,German Grand Prix,1979-07-29,,,,10,,,,,,,,,1979,,
522,11,Austrian Grand Prix,1979-08-12,,,,70,,,,,,,,,1979,,
523,12,Dutch Grand Prix,1979-08-26,,,,39,,,,,,,,,1979,,
524,13,Italian Grand Prix,1979-09-09,,,,14,,,,,,,,,1979,,
525,14,Canadian Grand Prix,1979-09-30,,,,7,,,,,,,,,1979,,
526,15,United States Grand Prix,1979-10-07,,,,46,,,,,,,,,1979,,
527,1,Argentine Grand Prix,1978-01-15,,,,25,,,,,,,,,1978,,
528,2,Brazilian Grand Prix,1978-01-29,,,,36,,,,,,,,,1978,,
529,3,South African Grand Prix,1978-03-04,,,,30,,,,,,,,,1978,,
530,4,United States Grand Prix West,1978-04-02,,,,43,,,,,,,,,1978,,
531,5,Monaco Grand Prix,1978-05-07,,,,6,,,,,,,,,1978,,
532,6,Belgian Grand Prix,1978-05-21,,,,40,,,,,,,,,1978,,
533,7,Spanish Grand Prix,1978-06-04,,,,45,,,,,,,,,1978,,
534,8,Swedish Grand Prix,1978-06-17,,,,47,,,,,,,,,1978,,
535,9,French Grand Prix,1978-07-02,,,,34,,,,,,,,,1978,,
536,10,British Grand Prix,1978-07-16,,,,38,,,,,,,,,1978,,
537,11,German Grand Prix,1978-07-30,,,,10,,,,,,,,,1978,,
538,12,Austrian Grand Prix,1978-08-13,,,,70,,,,,,,,,1978,,
539,13,Dutch Grand Prix,1978-08-27,,,,39,,,,,,,,,1978,,
540,14,Italian Grand Prix,1978-09-10,,,,14,,,,,,,,,1978,,
541,15,United States Grand Prix,1978-10-01,,,,46,,,,,,,,,1978,,
542,16,Canadian Grand Prix,1978-10-08,,,,7,,,,,,,,,1978,,
543,1,Argentine Grand Prix,1977-01-09,,,,25,,,,,,,,,1977,,
544,2,Brazilian Grand Prix,1977-01-23,,,,18,,,,,,,,,1977,,
545,3,South African Grand Prix,1977-03-05,,,,30,,,,,,,,,1977,,
546,4,United States Grand Prix West,1977-04-03,,,,43,,,,,,,,,1977,,
547,5,Spanish Grand Prix,1977-05-08,,,,45,,,,,,,,,1977,,
548,6,Monaco Grand Prix,1977-05-22,,,,6,,,,,,,,,1977,,
549,7,Belgian Grand Prix,1977-06-05,,,,40,,,,,,,,,1977,,
550,8,Swedish Grand Prix,1977-06-19,,,,47,,,,,,,,,1977,,
551,9,French Grand Prix,1977-07-03,,,,41,,,,,,,,,1977,,
552,10,British Grand Prix,1977-07-16,,,,9,,,,,,,,,1977,,
553,11,German Grand Prix,1977-07-31,,,,10,,,,,,,,,1977,,
554,12,Austrian Grand Prix,1977-08-14,,,,70,,,,,,,,,1977,,
555,13,Dutch Grand Prix,1977-08-28,,,,39,,,,,,,,,1977,,
556,14,Italian Grand Prix,1977-09-11,,,,14,,,,,,,,,1977,,
557,15,United States Grand Prix,1977-10-02,,,,46,,,,,,,,,1977,,
558,16,Canadian Grand Prix,1977-10-09,,,,48,,,,,,,,,1977,,
559,17,Japanese Grand Prix,1977-10-23,,,,16,,,,,,,,,1977,,
560,1,Brazilian Grand Prix,1976-01-25,,,,18,,,,,,,,,1976,,
561,2,South African Grand Prix,1976-03-06,,,,30,,,,,,,,,1976,,
562,3,United States Grand Prix West,1976-03-28,,,,43,,,,,,,,,1976,,
563,4,Spanish Grand Prix,1976-05-02,,,,45,,,,,,,,,1976,,
564,5,Belgian Grand Prix,1976-05-16,,,,40,,,,,,,,,1976,,
565,6,Monaco Grand Prix,1976-05-30,,,,6,,,,,,,,,1976,,
566,7,Swedish Grand Prix,1976-06-13,,,,47,,,,,,,,,1976,,
567,8,French Grand Prix,1976-07-04,,,,34,,,,,,,,,1976,,
568,9,British Grand Prix,1976-07-18,,,,38,,,,,,,,,1976,,
569,10,German Grand Prix,1976-08-01,,,,20,,,,,,,,,1976,,
570,11,Austrian Grand Prix,1976-08-15,,,,70,,,,,,,,,1976,,
571,12,Dutch Grand Prix,1976-08-29,,,,39,,,,,,,,,1976,,
572,13,Italian Grand Prix,1976-09-12,,,,14,,,,,,,,,1976,,
573,14,Canadian Grand Prix,1976-10-03,,,,48,,,,,,,,,1976,,
574,15,United States Grand Prix,1976-10-10,,,,46,,,,,,,,,1976,,
575,16,Japanese Grand Prix,1976-10-24,,,,16,,,,,,,,,1976,,
576,1,Argentine Grand Prix,1975-01-12,,,,25,,,,,,,,,1975,,
577,2,Brazilian Grand Prix,1975-01-26,,,,18,,,,,,,,,1975,,
578,3,South African Grand Prix,1975-03-01,,,,30,,,,,,,,,1975,,
579,4,Spanish Grand Prix,1975-04-27,,,,49,,,,,,,,,1975,,
580,5,Monaco Grand Prix,1975-05-11,,,,6,,,,,,,,,1975,,
581,6,Belgian Grand Prix,1975-05-25,,,,40,,,,,,,,,1975,,
582,7,Swedish Grand Prix,1975-06-08,,,,47,,,,,,,,,1975,,
583,8,Dutch Grand Prix,1975-06-22,,,,39,,,,,,,,,1975,,
584,9,French Grand Prix,1975-07-06,,,,34,,,,,,,,,1975,,
585,10,British Grand Prix,1975-07-19,,,,9,,,,,,,,,1975,,
586,11,German Grand Prix,1975-08-03,,,,20,,,,,,,,,1975,,
587,12,Austrian Grand Prix,1975-08-17,,,,70,,,,,,,,,1975,,
588,13,Italian Grand Prix,1975-09-07,,,,14,,,,,,,,,1975,,
589,14,United States Grand Prix,1975-10-05,,,,46,,,,,,,,,1975,,
590,1,Argentine Grand Prix,1974-01-13,,,,25,,,,,,,,,1974,,
591,2,Brazilian Grand Prix,1974-01-27,,,,18,,,,,,,,,1974,,
592,3,South African Grand Prix,1974-03-30,,,,30,,,,,,,,,1974,,
593,4,Spanish Grand Prix,1974-04-28,,,,45,,,,,,,,,1974,,
594,5,Belgian Grand Prix,1974-05-12,,,,50,,,,,,,,,1974,,
595,6,Monaco Grand Prix,1974-05-26,,,,6,,,,,,,,,1974,,
596,7,Swedish Grand Prix,1974-06-09,,,,47,,,,,,,,,1974,,
597,8,Dutch Grand Prix,1974-06-23,,,,39,,,,,,,,,1974,,
598,9,French Grand Prix,1974-07-07,,,,41,,,,,,,,,1974,,
599,10,British Grand Prix,1974-07-20,,,,38,,,,,,,,,1974,,
600,11,German Grand Prix,1974-08-04,,,,20,,,,,,,,,1974,,
601,12,Austrian Grand Prix,1974-08-18,,,,70,,,,,,,,,1974,,
602,13,Italian Grand Prix,1974-09-08,,,,14,,,,,,,,,1974,,
603,14,Canadian Grand Prix,1974-09-22,,,,48,,,,,,,,,1974,,
604,15,United States Grand Prix,1974-10-06,,,,46,,,,,,,,,1974,,
605,1,Argentine Grand Prix,1973-01-28,,,,25,,,,,,,,,1973,,
606,2,Brazilian Grand Prix,1973-02-11,,,,18,,,,,,,,,1973,,
607,3,South African Grand Prix,1973-03-03,,,,30,,,,,,,,,1973,,
608,4,Spanish Grand Prix,1973-04-29,,,,49,,,,,,,,,1973,,
609,5,Belgian Grand Prix,1973-05-20,,,,40,,,,,,,,,1973,,
610,6,Monaco Grand Prix,1973-06-03,,,,6,,,,,,,,,1973,,
611,7,Swedish Grand Prix,1973-06-17,,,,47,,,,,,,,,1973,,
612,8,French Grand Prix,1973-07-01,,,,34,,,,,,,,,1973,,
613,9,British Grand Prix,1973-07-14,,,,9,,,,,,,,,1973,,
614,10,Dutch Grand Prix,1973-07-29,,,,39,,,,,,,,,1973,,
615,11,German Grand Prix,1973-08-05,,,,20,,,,,,,,,1973,,
616,12,Austrian Grand Prix,1973-08-19,,,,70,,,,,,,,,1973,,
617,13,Italian Grand Prix,1973-09-09,,,,14,,,,,,,,,1973,,
618,14,Canadian Grand Prix,1973-09-23,,,,48,,,,,,,,,1973,,
619,15,United States Grand Prix,1973-10-07,,,,46,,,,,,,,,1973,,
620,1,Argentine Grand Prix,1972-01-23,,,,25,,,,,,,,,1972,,
621,2,South African Grand Prix,1972-03-04,,,,30,,,,,,,,,1972,,
622,3,Spanish Grand Prix,1972-05-01,,,,45,,,,,,,,,1972,,
623,4,Monaco Grand Prix,1972-05-14,,,,6,,,,,,,,,1972,,
624,5,Belgian Grand Prix,1972-06-04,,,,50,,,,,,,,,1972,,
625,6,French Grand Prix,1972-07-02,,,,51,,,,,,,,,1972,,
626,7,British Grand Prix,1972-07-15,,,,38,,,,,,,,,1972,,
627,8,German Grand Prix,1972-07-30,,,,20,,,,,,,,,1972,,
628,9,Austrian Grand Prix,1972-08-13,,,,70,,,,,,,,,1972,,
629,10,Italian Grand Prix,1972-09-10,,,,14,,,,,,,,,1972,,
630,11,Canadian Grand Prix,1972-09-24,,,,48,,,,,,,,,1972,,
631,12,United States Grand Prix,1972-10-08,,,,46,,,,,,,,,1972,,
632,1,South African Grand Prix,1971-03-06,,,,30,,,,,,,,,1971,,
633,2,Spanish Grand Prix,1971-04-18,,,,49,,,,,,,,,1971,,
634,3,Monaco Grand Prix,1971-05-23,,,,6,,,,,,,,,1971,,
635,4,Dutch Grand Prix,1971-06-20,,,,39,,,,,,,,,1971,,
636,5,French Grand Prix,1971-07-04,,,,34,,,,,,,,,1971,,
637,6,British Grand Prix,1971-07-17,,,,9,,,,,,,,,1971,,
638,7,German Grand Prix,1971-08-01,,,,20,,,,,,,,,1971,,
639,8,Austrian Grand Prix,1971-08-15,,,,70,,,,,,,,,1971,,
640,9,Italian Grand Prix,1971-09-05,,,,14,,,,,,,,,1971,,
641,10,Canadian Grand Prix,1971-09-19,,,,48,,,,,,,,,1971,,
642,11,United States Grand Prix,1971-10-03,,,,46,,,,,,,,,1971,,
643,1,South African Grand Prix,1970-03-07,,,,30,,,,,,,,,1970,,
644,2,Spanish Grand Prix,1970-04-19,,,,45,,,,,,,,,1970,,
645,3,Monaco Grand Prix,1970-05-10,,,,6,,,,,,,,,1970,,
646,4,Belgian Grand Prix,1970-06-07,,,,13,,,,,,,,,1970,,
647,5,Dutch Grand Prix,1970-06-21,,,,39,,,,,,,,,1970,,
648,6,French Grand Prix,1970-07-05,,,,51,,,,,,,,,1970,,
649,7,British Grand Prix,1970-07-18,,,,38,,,,,,,,,1970,,
650,8,German Grand Prix,1970-08-02,,,,10,,,,,,,,,1970,,
651,9,Austrian Grand Prix,1970-08-16,,,,70,,,,,,,,,1970,,
652,10,Italian Grand Prix,1970-09-06,,,,14,,,,,,,,,1970,,
653,11,Canadian Grand Prix,1970-09-20,,,,52,,,,,,,,,1970,,
654,12,United States Grand Prix,1970-10-04,,,,46,,,,,,,,,1970,,
655,13,Mexican Grand Prix,1970-10-25,,,,32,,,,,,,,,1970,,
656,1,South African Grand Prix,1969-03-01,,,,30,,,,,,,,,1969,,
657,2,Spanish Grand Prix,1969-05-04,,,,49,,,,,,,,,1969,,
658,3,Monaco Grand Prix,1969-05-18,,,,6,,,,,,,,,1969,,
659,4,Dutch Grand Prix,1969-06-21,,,,39,,,,,,,,,1969,,
660,5,French Grand Prix,1969-07-06,,,,51,,,,,,,,,1969,,
661,6,British Grand Prix,1969-07-19,,,,9,,,,,,,,,1969,,
662,7,German Grand Prix,1969-08-03,,,,20,,,,,,,,,1969,,
663,8,Italian Grand Prix,1969-09-07,,,,14,,,,,,,,,1969,,
664,9,Canadian Grand Prix,1969-09-20,,,,48,,,,,,,,,1969,,
665,10,United States Grand Prix,1969-10-05,,,,46,,,,,,,,,1969,,
666,11,Mexican Grand Prix,1969-10-19,,,,32,,,,,,,,,1969,,
667,1,South African Grand Prix,1968-01-01,,,,30,,,,,,,,,1968,,
668,2,Spanish Grand Prix,1968-05-12,,,,45,,,,,,,,,1968,,
669,3,Monaco Grand Prix,1968-05-26,,,,6,,,,,,,,,1968,,
670,4,Belgian Grand Prix,1968-06-09,,,,13,,,,,,,,,1968,,
671,5,Dutch Grand Prix,1968-06-23,,,,39,,,,,,,,,1968,,
672,6,French Grand Prix,1968-07-07,,,,53,,,,,,,,,1968,,
673,7,British Grand Prix,1968-07-20,,,,38,,,,,,,,,1968,,
674,8,German Grand Prix,1968-08-04,,,,20,,,,,,,,,1968,,
675,9,Italian Grand Prix,1968-09-08,,,,14,,,,,,,,,1968,,
676,10,Canadian Grand Prix,1968-09-22,,,,52,,,,,,,,,1968,,
677,11,United States Grand Prix,1968-10-06,,,,46,,,,,,,,,1968,,
678,12,Mexican Grand Prix,1968-11-03,,,,32,,,,,,,,,1968,,
679,1,South African Grand Prix,1967-01-02,,,,30,,,,,,,,,1967,,
680,2,Monaco Grand Prix,1967-05-07,,,,6,,,,,,,,,1967,,
681,3,Dutch Grand Prix,1967-06-04,,,,39,,,,,,,,,1967,,
682,4,Belgian Grand Prix,1967-06-18,,,,13,,,,,,,,,1967,,
683,5,French Grand Prix,1967-07-02,,,,54,,,,,,,,,1967,,
684,6,British Grand Prix,1967-07-15,,,,9,,,,,,,,,1967,,
685,7,German Grand Prix,1967-08-06,,,,20,,,,,,,,,1967,,
686,8,Canadian Grand Prix,1967-08-27,,,,48,,,,,,,,,1967,,
687,9,Italian Grand Prix,1967-09-10,,,,14,,,,,,,,,1967,,
688,10,United States Grand Prix,1967-10-01,,,,46,,,,,,,,,1967,,
689,11,Mexican Grand Prix,1967-10-22,,,,32,,,,,,,,,1967,,
690,1,Monaco Grand Prix,1966-05-22,,,,6,,,,,,,,,1966,,
691,2,Belgian Grand Prix,1966-06-12,,,,13,,,,,,,,,1966,,
692,3,French Grand Prix,1966-07-03,,,,55,,,,,,,,,1966,,
693,4,British Grand Prix,1966-07-16,,,,38,,,,,,,,,1966,,
694,5,Dutch Grand Prix,1966-07-24,,,,39,,,,,,,,,1966,,
695,6,German Grand Prix,1966-08-07,,,,20,,,,,,,,,1966,,
696,7,Italian Grand Prix,1966-09-04,,,,14,,,,,,,,,1966,,
697,8,United States Grand Prix,1966-10-02,,,,46,,,,,,,,,1966,,
698,9,Mexican Grand Prix,1966-10-23,,,,32,,,,,,,,,1966,,
699,1,South African Grand Prix,1965-01-01,,,,56,,,,,,,,,1965,,
700,2,Monaco Grand Prix,1965-05-30,,,,6,,,,,,,,,1965,,
701,3,Belgian Grand Prix,1965-06-13,,,,13,,,,,,,,,1965,,
702,4,French Grand Prix,1965-06-27,,,,51,,,,,,,,,1965,,
703,5,British Grand Prix,1965-07-10,,,,9,,,,,,,,,1965,,
704,6,Dutch Grand Prix,1965-07-18,,,,39,,,,,,,,,1965,,
705,7,German Grand Prix,1965-08-01,,,,20,,,,,,,,,1965,,
706,8,Italian Grand Prix,1965-09-12,,,,14,,,,,,,,,1965,,
707,9,United States Grand Prix,1965-10-03,,,,46,,,,,,,,,1965,,
708,10,Mexican Grand Prix,1965-10-24,,,,32,,,,,,,,,1965,,
709,1,Monaco Grand Prix,1964-05-10,,,,6,,,,,,,,,1964,,
710,2,Dutch Grand Prix,1964-05-24,,,,39,,,,,,,,,1964,,
711,3,Belgian Grand Prix,1964-06-14,,,,13,,,,,,,,,1964,,
712,4,French Grand Prix,1964-06-28,,,,53,,,,,,,,,1964,,
713,5,British Grand Prix,1964-07-11,,,,38,,,,,,,,,1964,,
714,6,German Grand Prix,1964-08-02,,,,20,,,,,,,,,1964,,
715,7,Austrian Grand Prix,1964-08-23,,,,57,,,,,,,,,1964,,
716,8,Italian Grand Prix,1964-09-06,,,,14,,,,,,,,,1964,,
717,9,United States Grand Prix,1964-10-04,,,,46,,,,,,,,,1964,,
718,10,Mexican Grand Prix,1964-10-25,,,,32,,,,,,,,,1964,,
719,1,Monaco Grand Prix,1963-05-26,,,,6,,,,,,,,,1963,,
720,2,Belgian Grand Prix,1963-06-09,,,,13,,,,,,,,,1963,,
721,3,Dutch Grand Prix,1963-06-23,,,,39,,,,,,,,,1963,,
722,4,French Grand Prix,1963-06-30,,,,55,,,,,,,,,1963,,
723,5,British Grand Prix,1963-07-20,,,,9,,,,,,,,,1963,,
724,6,German Grand Prix,1963-08-04,,,,20,,,,,,,,,1963,,
725,7,Italian Grand Prix,1963-09-08,,,,14,,,,,,,,,1963,,
726,8,United States Grand Prix,1963-10-06,,,,46,,,,,,,,,1963,,
727,9,Mexican Grand Prix,1963-10-27,,,,32,,,,,,,,,1963,,
728,10,South African Grand Prix,1963-12-28,,,,56,,,,,,,,,1963,,
729,1,Dutch Grand Prix,1962-05-20,,,,39,,,,,,,,,1962,,
730,2,Monaco Grand Prix,1962-06-03,,,,6,,,,,,,,,1962,,
731,3,Belgian Grand Prix,1962-06-17,,,,13,,,,,,,,,1962,,
732,4,French Grand Prix,1962-07-08,,,,53,,,,,,,,,1962,,
733,5,British Grand Prix,1962-07-21,,,,58,,,,,,,,,1962,,
734,6,German Grand Prix,1962-08-05,,,,20,,,,,,,,,1962,,
735,7,Italian Grand Prix,1962-09-16,,,,14,,,,,,,,,1962,,
736,8,United States Grand Prix,1962-10-07,,,,46,,,,,,,,,1962,,
737,9,South African Grand Prix,1962-12-29,,,,56,,,,,,,,,1962,,
738,1,Monaco Grand Prix,1961-05-14,,,,6,,,,,,,,,1961,,
739,2,Dutch Grand Prix,1961-05-22,,,,39,,,,,,,,,1961,,
740,3,Belgian Grand Prix,1961-06-18,,,,13,,,,,,,,,1961,,
741,4,French Grand Prix,1961-07-02,,,,55,,,,,,,,,1961,,
742,5,British Grand Prix,1961-07-15,,,,58,,,,,,,,,1961,,
743,6,German Grand Prix,1961-08-06,,,,20,,,,,,,,,1961,,
744,7,Italian Grand Prix,1961-09-10,,,,14,,,,,,,,,1961,,
745,8,United States Grand Prix,1961-10-08,,,,46,,,,,,,,,1961,,
746,1,Argentine Grand Prix,1960-02-07,,,,25,,,,,,,,,1960,,
747,2,Monaco Grand Prix,1960-05-29,,,,6,,,,,,,,,1960,,
748,3,Indianapolis 500,1960-05-30,,,,19,,,,,,,,,1960,,
749,4,Dutch Grand Prix,1960-06-06,,,,39,,,,,,,,,1960,,
750,5,Belgian Grand Prix,1960-06-19,,,,13,,,,,,,,,1960,,
751,6,French Grand Prix,1960-07-03,,,,55,,,,,,,,,1960,,
752,7,British Grand Prix,1960-07-16,,,,9,,,,,,,,,1960,,
753,8,Portuguese Grand Prix,1960-08-14,,,,59,,,,,,,,,1960,,
754,9,Italian Grand Prix,1960-09-04,,,,14,,,,,,,,,1960,,
755,10,United States Grand Prix,1960-11-20,,,,60,,,,,,,,,1960,,
756,1,Monaco Grand Prix,1959-05-10,,,,6,,,,,,,,,1959,,
757,2,Indianapolis 500,1959-05-30,,,,19,,,,,,,,,1959,,
758,3,Dutch Grand Prix,1959-05-31,,,,39,,,,,,,,,1959,,
759,4,French Grand Prix,1959-07-05,,,,55,,,,,,,,,1959,,
760,5,British Grand Prix,1959-07-18,,,,58,,,,,,,,,1959,,
761,6,German Grand Prix,1959-08-02,,,,61,,,,,,,,,1959,,
762,7,Portuguese Grand Prix,1959-08-23,,,,62,,,,,,,,,1959,,
763,8,Italian Grand Prix,1959-09-13,,,,14,,,,,,,,,1959,,
764,9,United States Grand Prix,1959-12-12,,,,63,,,,,,,,,1959,,
765,1,Argentine Grand Prix,1958-01-19,,,,25,,,,,,,,,1958,,
766,2,Monaco Grand Prix,1958-05-18,,,,6,,,,,,,,,1958,,
767,3,Dutch Grand Prix,1958-05-26,,,,39,,,,,,,,,1958,,
768,4,Indianapolis 500,1958-05-30,,,,19,,,,,,,,,1958,,
769,5,Belgian Grand Prix,1958-06-15,,,,13,,,,,,,,,1958,,
770,6,French Grand Prix,1958-07-06,,,,55,,,,,,,,,1958,,
771,7,British Grand Prix,1958-07-19,,,,9,,,,,,,,,1958,,
772,8,German Grand Prix,1958-08-03,,,,20,,,,,,,,,1958,,
773,9,Portuguese Grand Prix,1958-08-24,,,,59,,,,,,,,,1958,,
774,10,Italian Grand Prix,1958-09-07,,,,14,,,,,,,,,1958,,
775,11,Moroccan Grand Prix,1958-10-19,,,,64,,,,,,,,,1958,,
776,1,Argentine Grand Prix,1957-01-13,,,,25,,,,,,,,,1957,,
777,2,Monaco Grand Prix,1957-05-19,,,,6,,,,,,,,,1957,,
778,3,Indianapolis 500,1957-05-30,,,,19,,,,,,,,,1957,,
779,4,French Grand Prix,1957-07-07,,,,53,,,,,,,,,1957,,
780,5,British Grand Prix,1957-07-20,,,,58,,,,,,,,,1957,,
781,6,German Grand Prix,1957-08-04,,,,20,,,,,,,,,1957,,
782,7,Pescara Grand Prix,1957-08-18,,,,65,,,,,,,,,1957,,
783,8,Italian Grand Prix,1957-09-08,,,,14,,,,,,,,,1957,,
784,1,Argentine Grand Prix,1956-01-22,,,,25,,,,,,,,,1956,,
785,2,Monaco Grand Prix,1956-05-13,,,,6,,,,,,,,,1956,,
786,3,Indianapolis 500,1956-05-30,,,,19,,,,,,,,,1956,,
787,4,Belgian Grand Prix,1956-06-03,,,,13,,,,,,,,,1956,,
788,5,French Grand Prix,1956-07-01,,,,55,,,,,,,,,1956,,
789,6,British Grand Prix,1956-07-14,,,,9,,,,,,,,,1956,,
790,7,German Grand Prix,1956-08-05,,,,20,,,,,,,,,1956,,
791,8,Italian Grand Prix,1956-09-02,,,,14,,,,,,,,,1956,,
792,1,Argentine Grand Prix,1955-01-16,,,,25,,,,,,,,,1955,,
793,2,Monaco Grand Prix,1955-05-22,,,,6,,,,,,,,,1955,,
794,3,Indianapolis 500,1955-05-30,,,,19,,,,,,,,,1955,,
795,4,Belgian Grand Prix,1955-06-05,,,,13,,,,,,,,,1955,,
796,5,Dutch Grand Prix,1955-06-19,,,,39,,,,,,,,,1955,,
797,6,British Grand Prix,1955-07-16,,,,58,,,,,,,,,1955,,
798,7,Italian Grand Prix,1955-09-11,,,,14,,,,,,,,,1955,,
799,1,Argentine Grand Prix,1954-01-17,,,,25,,,,,,,,,1954,,
800,2,Indianapolis 500,1954-05-31,,,,19,,,,,,,,,1954,,
801,3,Belgian Grand Prix,1954-06-20,,,,13,,,,,,,,,1954,,
802,4,French Grand Prix,1954-07-04,,,,55,,,,,,,,,1954,,
803,5,British Grand Prix,1954-07-17,,,,9,,,,,,,,,1954,,
804,6,German Grand Prix,1954-08-01,,,,20,,,,,,,,,1954,,
805,7,Swiss Grand Prix,1954-08-22,,,,66,,,,,,,,,1954,,
806,8,Italian Grand Prix,1954-09-05,,,,14,,,,,,,,,1954,,
807,9,Spanish Grand Prix,1954-10-24,,,,67,,,,,,,,,1954,,
808,1,Argentine Grand Prix,1953-01-18,,,,25,,,,,,,,,1953,,
809,2,Indianapolis 500,1953-05-30,,,,19,,,,,,,,,1953,,
810,3,Dutch Grand Prix,1953-06-07,,,,39,,,,,,,,,1953,,
811,4,Belgian Grand Prix,1953-06-21,,,,13,,,,,,,,,1953,,
812,5,French Grand Prix,1953-07-05,,,,55,,,,,,,,,1953,,
813,6,British Grand Prix,1953-07-18,,,,9,,,,,,,,,1953,,
814,7,German Grand Prix,1953-08-02,,,,20,,,,,,,,,1953,,
815,8,Swiss Grand Prix,1953-08-23,,,,66,,,,,,,,,1953,,
816,9,Italian Grand Prix,1953-09-13,,,,14,,,,,,,,,1953,,
817,1,Swiss Grand Prix,1952-05-18,,,,66,,,,,,,,,1952,,
818,2,Indianapolis 500,1952-05-30,,,,19,,,,,,,,,1952,,
819,3,Belgian Grand Prix,1952-06-22,,,,13,,,,,,,,,1952,,
820,4,French Grand Prix,1952-07-06,,,,53,,,,,,,,,1952,,
821,5,British Grand Prix,1952-07-19,,,,9,,,,,,,,,1952,,
822,6,German Grand Prix,1952-08-03,,,,20,,,,,,,,,1952,,
823,7,Dutch Grand Prix,1952-08-17,,,,39,,,,,,,,,1952,,
824,8,Italian Grand Prix,1952-09-07,,,,14,,,,,,,,,1952,,
825,1,Swiss Grand Prix,1951-05-27,,,,66,,,,,,,,,1951,,
826,2,Indianapolis 500,1951-05-30,,,,19,,,,,,,,,1951,,
827,3,Belgian Grand Prix,1951-06-17,,,,13,,,,,,,,,1951,,
828,4,French Grand Prix,1951-07-01,,,,55,,,,,,,,,1951,,
829,5,British Grand Prix,1951-07-14,,,,9,,,,,,,,,1951,,
830,6,German Grand Prix,1951-07-29,,,,20,,,,,,,,,1951,,
831,7,Italian Grand Prix,1951-09-16,,,,14,,,,,,,,,1951,,
832,8,Spanish Grand Prix,1951-10-28,,,,67,,,,,,,,,1951,,
833,1,British Grand Prix,1950-05-13,,,,9,,,,,,,,,1950,,
834,2,Monaco Grand Prix,1950-05-21,,,,6,,,,,,,,,1950,,
835,3,Indianapolis 500,1950-05-30,,,,19,,,,,,,,,1950,,
836,4,Swiss Grand Prix,1950-06-04,,,,66,,,,,,,,,1950,,
837,5,Belgian Grand Prix,1950-06-18,,,,13,,,,,,,,,1950,,
838,6,French Grand Prix,1950-07-02,,,,55,,,,,,,,,1950,,
839,7,Italian Grand Prix,1950-09-03,,,,14,,,,,,,,,1950,,
841,1,Australian Grand Prix,2011-03-27,,,,1,,,,,,,,06:00:00,2011,,
842,2,Malaysian Grand Prix,2011-04-10,,,,2,,,,,,,,08:00:00,2011,,
843,3,Chinese Grand Prix,2011-04-17,,,,17,,,,,,,,07:00:00,2011,,
844,4,Turkish Grand Prix,2011-05-08,,,,5,,,,,,,,12:00:00,2011,,
845,5,Spanish Grand Prix,2011-05-22,,,,4,,,,,,,,12:00:00,2011,,
846,6,Monaco Grand Prix,2011-05-29,,,,6,,,,,,,,12:00:00,2011,,
847,7,Canadian Grand Prix,2011-06-12,,,,7,,,,,,,,17:00:00,2011,,
848,8,European Grand Prix,2011-06-26,,,,12,,,,,,,,12:00:00,2011,,
849,9,British Grand Prix,2011-07-10,,,,9,,,,,,,,12:00:00,2011,,
850,10,German Grand Prix,2011-07-24,,,,20,,,,,,,,12:00:00,2011,,
851,11,Hungarian Grand Prix,2011-07-31,,,,11,,,,,,,,12:00:00,2011,,
852,12,Belgian Grand Prix,2011-08-28,,,,13,,,,,,,,12:00:00,2011,,
853,13,Italian Grand Prix,2011-09-11,,,,14,,,,,,,,12:00:00,2011,,
854,14,Singapore Grand Prix,2011-09-25,,,,15,,,,,,,,12:00:00,2011,,
855,15,Japanese Grand Prix,2011-10-09,,,,22,,,,,,,,06:00:00,2011,,
856,16,Korean Grand Prix,2011-10-16,,,,35,,,,,,,,06:00:00,2011,,
857,17,Indian Grand Prix,2011-10-30,,,,68,,,,,,,,09:30:00,2011,,
858,18,Abu Dhabi Grand Prix,2011-11-13,,,,24,,,,,,,,13:00:00,2011,,
859,19,Brazilian Grand Prix,2011-11-27,,,,18,,,,,,,,16:00:00,2011,,
860,1,Australian Grand Prix,2012-03-18,,,,1,,,,,,,,06:00:00,2012,,
861,2,Malaysian Grand Prix,2012-03-25,,,,2,,,,,,,,08:00:00,2012,,
862,3,Chinese Grand Prix,2012-04-15,,,,17,,,,,,,,07:00:00,2012,,
863,4,Bahrain Grand Prix,2012-04-22,,,,3,,,,,,,,12:00:00,2012,,
864,5,Spanish Grand Prix,2012-05-13,,,,4,,,,,,,,12:00:00,2012,,
865,6,Monaco Grand Prix,2012-05-27,,,,6,,,,,,,,12:00:00,2012,,
866,7,Canadian Grand Prix,2012-06-10,,,,7,,,,,,,,18:00:00,2012,,
867,8,European Grand Prix,2012-06-24,,,,12,,,,,,,,12:00:00,2012,,
868,9,British Grand Prix,2012-07-08,,,,9,,,,,,,,12:00:00,2012,,
869,10,German Grand Prix,2012-07-22,,,,10,,,,,,,,12:00:00,2012,,
870,11,Hungarian Grand Prix,2012-07-29,,,,11,,,,,,,,12:00:00,2012,,
871,12,Belgian Grand Prix,2012-09-02,,,,13,,,,,,,,12:00:00,2012,,
872,13,Italian Grand Prix,2012-09-09,,,,14,,,,,,,,12:00:00,2012,,
873,14,Singapore Grand Prix,2012-09-23,,,,15,,,,,,,,12:00:00,2012,,
874,15,Japanese Grand Prix,2012-10-07,,,,22,,,,,,,,06:00:00,2012,,
875,16,Korean Grand Prix,2012-10-14,,,,35,,,,,,,,06:00:00,2012,,
876,17,Indian Grand Prix,2012-10-28,,,,68,,,,,,,,09:30:00,2012,,
877,18,Abu Dhabi Grand Prix,2012-11-04,,,,24,,,,,,,,13:00:00,2012,,
878,19,United States Grand Prix,2012-11-18,,,,69,,,,,,,,19:00:00,2012,,
879,20,Brazilian Grand Prix,2012-11-25,,,,18,,,,,,,,16:00:00,2012,,
880,1,Australian Grand Prix,2013-03-17,,,,1,,,,,,,,06:00:00,2013,,
881,2,Malaysian Grand Prix,2013-03-24,,,,2,,,,,,,,08:00:00,2013,,
882,3,Chinese Grand Prix,2013-04-14,,,,17,,,,,,,,07:00:00,2013,,
883,4,Bahrain Grand Prix,2013-04-21,,,,3,,,,,,,,12:00:00,2013,,
884,5,Spanish Grand Prix,2013-05-12,,,,4,,,,,,,,12:00:00,2013,,
885,6,Monaco Grand Prix,2013-05-26,,,,6,,,,,,,,12:00:00,2013,,
886,7,Canadian Grand Prix,2013-06-09,,,,7,,,,,,,,18:00:00,2013,,
887,8,British Grand Prix,2013-06-30,,,,9,,,,,,,,12:00:00,2013,,
888,9,German Grand Prix,2013-07-07,,,,20,,,,,,,,12:00:00,2013,,
890,10,Hungarian Grand Prix,2013-07-28,,,,11,,,,,,,,12:00:00,2013,,
891,11,Belgian Grand Prix,2013-08-25,,,,13,,,,,,,,12:00:00,2013,,
892,12,Italian Grand Prix,2013-09-08,,,,14,,,,,,,,12:00:00,2013,,
893,13,Singapore Grand Prix,2013-09-22,,,,15,,,,,,,,12:00:00,2013,,
894,14,Korean Grand Prix,2013-10-06,,,,35,,,,,,,,06:00:00,2013,,
895,15,Japanese Grand Prix,2013-10-13,,,,22,,,,,,,,06:00:00,2013,,
19,2,Malaysian Grand Prix,2008-03-23,,,,2,,,,,,,,07:00:00,2008,,
20,3,Bahrain Grand Prix,2008-04-06,,,,3,,,,,,,,11:30:00,2008,,
21,4,Spanish Grand Prix,2008-04-27,,,,4,,,,,,,,12:00:00,2008,,
22,5,Turkish Grand Prix,2008-05-11,,,,5,,,,,,,,12:00:00,2008,,
23,6,Monaco Grand Prix,2008-05-25,,,,6,,,,,,,,12:00:00,2008,,
24,7,Canadian Grand Prix,2008-06-08,,,,7,,,,,,,,17:00:00,2008,,
25,8,French Grand Prix,2008-06-22,,,,8,,,,,,,,12:00:00,2008,,
26,9,British Grand Prix,2008-07-06,,,,9,,,,,,,,12:00:00,2008,,
27,10,German Grand Prix,2008-07-20,,,,10,,,,,,,,12:00:00,2008,,
28,11,Hungarian Grand Prix,2008-08-03,,,,11,,,,,,,,12:00:00,2008,,
29,12,European Grand Prix,2008-08-24,,,,12,,,,,,,,12:00:00,2008,,
30,13,Belgian Grand Prix,2008-09-07,,,,13,,,,,,,,12:00:00,2008,,
31,14,Italian Grand Prix,2008-09-14,,,,14,,,,,,,,12:00:00,2008,,
32,15,Singapore Grand Prix,2008-09-28,,,,15,,,,,,,,12:00:00,2008,,
33,16,Japanese Grand Prix,2008-10-12,,,,16,,,,,,,,04:30:00,2008,,
34,17,Chinese Grand Prix,2008-10-19,,,,17,,,,,,,,07:00:00,2008,,
35,18,Brazilian Grand Prix,2008-11-02,,,,18,,,,,,,,17:00:00,2008,,
36,1,Australian Grand Prix,2007-03-18,,,,1,,,,,,,,03:00:00,2007,,
37,2,Malaysian Grand Prix,2007-04-08,,,,2,,,,,,,,07:00:00,2007,,
38,3,Bahrain Grand Prix,2007-04-15,,,,3,,,,,,,,11:30:00,2007,,
39,4,Spanish Grand Prix,2007-05-13,,,,4,,,,,,,,12:00:00,2007,,
899,19,Brazilian Grand Prix,2013-11-24,,,,18,,,,,,,,16:00:00,2013,,
900,1,Australian Grand Prix,2014-03-16,,,,1,,,,,,,,06:00:00,2014,,
901,2,Malaysian Grand Prix,2014-03-30,,,,2,,,,,,,,08:00:00,2014,,
902,3,Bahrain Grand Prix,2014-04-06,,,,3,,,,,,,,15:00:00,2014,,
903,4,Chinese Grand Prix,2014-04-20,,,,17,,,,,,,,07:00:00,2014,,
904,5,Spanish Grand Prix,2014-05-11,,,,4,,,,,,,,12:00:00,2014,,
905,6,Monaco Grand Prix,2014-05-25,,,,6,,,,,,,,12:00:00,2014,,
906,7,Canadian Grand Prix,2014-06-08,,,,7,,,,,,,,18:00:00,2014,,
907,8,Austrian Grand Prix,2014-06-22,,,,70,,,,,,,,12:00:00,2014,,
908,9,British Grand Prix,2014-07-06,,,,9,,,,,,,,12:00:00,2014,,
909,10,German Grand Prix,2014-07-20,,,,10,,,,,,,,12:00:00,2014,,
910,11,Hungarian Grand Prix,2014-07-27,,,,11,,,,,,,,12:00:00,2014,,
911,12,Belgian Grand Prix,2014-08-24,,,,13,,,,,,,,12:00:00,2014,,
912,13,Italian Grand Prix,2014-09-07,,,,14,,,,,,,,12:00:00,2014,,
913,14,Singapore Grand Prix,2014-09-21,,,,15,,,,,,,,12:00:00,2014,,
914,15,Japanese Grand Prix,2014-10-05,,,,22,,,,,,,,06:00:00,2014,,
915,16,Russian Grand Prix,2014-10-12,,,,71,,,,,,,,11:00:00,2014,,
916,17,United States Grand Prix,2014-11-02,,,,69,,,,,,,,20:00:00,2014,,
917,18,Brazilian Grand Prix,2014-11-09,,,,18,,,,,,,,16:00:00,2014,,
918,19,Abu Dhabi Grand Prix,2014-11-23,,,,24,,,,,,,,13:00:00,2014,,
926,1,Australian Grand Prix,2015-03-15,,,,1,,,,,,,,05:00:00,2015,,
927,2,Malaysian Grand Prix,2015-03-29,,,,2,,,,,,,,07:00:00,2015,,
928,3,Chinese Grand Prix,2015-04-12,,,,17,,,,,,,,06:00:00,2015,,
929,4,Bahrain Grand Prix,2015-04-19,,,,3,,,,,,,,15:00:00,2015,,
930,5,Spanish Grand Prix,2015-05-10,,,,4,,,,,,,,12:00:00,2015,,
931,6,Monaco Grand Prix,2015-05-24,,,,6,,,,,,,,12:00:00,2015,,
932,7,Canadian Grand Prix,2015-06-07,,,,7,,,,,,,,18:00:00,2015,,
933,8,Austrian Grand Prix,2015-06-21,,,,70,,,,,,,,12:00:00,2015,,
934,9,British Grand Prix,2015-07-05,,,,9,,,,,,,,12:00:00,2015,,
936,10,Hungarian Grand Prix,2015-07-26,,,,11,,,,,,,,12:00:00,2015,,
937,11,Belgian Grand Prix,2015-08-23,,,,13,,,,,,,,12:00:00,2015,,
938,12,Italian Grand Prix,2015-09-06,,,,14,,,,,,,,12:00:00,2015,,
939,13,Singapore Grand Prix,2015-09-20,,,,15,,,,,,,,12:00:00,2015,,
940,14,Japanese Grand Prix,2015-09-27,,,,22,,,,,,,,05:00:00,2015,,
941,15,Russian Grand Prix,2015-10-11,,,,71,,,,,,,,11:00:00,2015,,
942,16,United States Grand Prix,2015-10-25,,,,69,,,,,,,,19:00:00,2015,,
943,17,Mexican Grand Prix,2015-11-01,,,,32,,,,,,,,19:00:00,2015,,
944,18,Brazilian Grand Prix,2015-11-15,,,,18,,,,,,,,16:00:00,2015,,
945,19,Abu Dhabi Grand Prix,2015-11-29,,,,24,,,,,,,,13:00:00,2015,,
948,1,Australian Grand Prix,2016-03-20,,,,1,,,,,,,,05:00:00,2016,,
949,2,Bahrain Grand Prix,2016-04-03,,,,3,,,,,,,,15:00:00,2016,,
950,3,Chinese Grand Prix,2016-04-17,,,,17,,,,,,,,06:00:00,2016,,
951,4,Russian Grand Prix,2016-05-01,,,,71,,,,,,,,12:00:00,2016,,
952,5,Spanish Grand Prix,2016-05-15,,,,4,,,,,,,,12:00:00,2016,,
953,6,Monaco Grand Prix,2016-05-29,,,,6,,,,,,,,12:00:00,2016,,
954,7,Canadian Grand Prix,2016-06-12,,,,7,,,,,,,,18:00:00,2016,,
955,8,European Grand Prix,2016-06-19,,,,73,,,,,,,,13:00:00,2016,,
956,9,Austrian Grand Prix,2016-07-03,,,,70,,,,,,,,12:00:00,2016,,
957,10,British Grand Prix,2016-07-10,,,,9,,,,,,,,12:00:00,2016,,
958,11,Hungarian Grand Prix,2016-07-24,,,,11,,,,,,,,12:00:00,2016,,
959,12,German Grand Prix,2016-07-31,,,,10,,,,,,,,12:00:00,2016,,
960,13,Belgian Grand Prix,2016-08-28,,,,13,,,,,,,,12:00:00,2016,,
961,14,Italian Grand Prix,2016-09-04,,,,14,,,,,,,,12:00:00,2016,,
962,15,Singapore Grand Prix,2016-09-18,,,,15,,,,,,,,12:00:00,2016,,
963,16,Malaysian Grand Prix,2016-10-02,,,,2,,,,,,,,07:00:00,2016,,
964,17,Japanese Grand Prix,2016-10-09,,,,22,,,,,,,,05:00:00,2016,,
896,16,Indian Grand Prix,2013-10-27,,,,68,,,,,,,,09:30:00,2013,,
897,17,Abu Dhabi Grand Prix,2013-11-03,,,,24,,,,,,,,13:00:00,2013,,
898,18,United States Grand Prix,2013-11-17,,,,69,,,,,,,,19:00:00,2013,,
965,18,United States Grand Prix,2016-10-23,,,,69,,,,,,,,19:00:00,2016,,
966,19,Mexican Grand Prix,2016-10-30,,,,32,,,,,,,,19:00:00,2016,,
967,20,Brazilian Grand Prix,2016-11-13,,,,18,,,,,,,,16:00:00,2016,,
968,21,Abu Dhabi Grand Prix,2016-11-27,,,,24,,,,,,,,13:00:00,2016,,
969,1,Australian Grand Prix,2017-03-26,,,,1,,,,,,,,05:00:00,2017,,
970,2,Chinese Grand Prix,2017-04-09,,,,17,,,,,,,,06:00:00,2017,,
971,3,Bahrain Grand Prix,2017-04-16,,,,3,,,,,,,,15:00:00,2017,,
972,4,Russian Grand Prix,2017-04-30,,,,71,,,,,,,,12:00:00,2017,,
973,5,Spanish Grand Prix,2017-05-14,,,,4,,,,,,,,12:00:00,2017,,
974,6,Monaco Grand Prix,2017-05-28,,,,6,,,,,,,,12:00:00,2017,,
975,7,Canadian Grand Prix,2017-06-11,,,,7,,,,,,,,18:00:00,2017,,
976,8,Azerbaijan Grand Prix,2017-06-25,,,,73,,,,,,,,13:00:00,2017,,
977,9,Austrian Grand Prix,2017-07-09,,,,70,,,,,,,,12:00:00,2017,,
978,10,British Grand Prix,2017-07-16,,,,9,,,,,,,,12:00:00,2017,,
979,11,Hungarian Grand Prix,2017-07-30,,,,11,,,,,,,,12:00:00,2017,,
980,12,Belgian Grand Prix,2017-08-27,,,,13,,,,,,,,12:00:00,2017,,
981,13,Italian Grand Prix,2017-09-03,,,,14,,,,,,,,12:00:00,2017,,
982,14,Singapore Grand Prix,2017-09-17,,,,15,,,,,,,,12:00:00,2017,,
983,15,Malaysian Grand Prix,2017-10-01,,,,2,,,,,,,,07:00:00,2017,,
984,16,Japanese Grand Prix,2017-10-08,,,,22,,,,,,,,05:00:00,2017,,
985,17,United States Grand Prix,2017-10-22,,,,69,,,,,,,,19:00:00,2017,,
986,18,Mexican Grand Prix,2017-10-29,,,,32,,,,,,,,19:00:00,2017,,
987,19,Brazilian Grand Prix,2017-11-12,,,,18,,,,,,,,16:00:00,2017,,
988,20,Abu Dhabi Grand Prix,2017-11-26,,,,24,,,,,,,,13:00:00,2017,,
1061,10,British Grand Prix,2021-07-18,,2021-07-16,18:00:00,9,2021-07-17,15:30:00,,,2021-07-16,21:30:00,2021-07-17,18:30:00,2021,2021-07-17,20:00:00
1065,14,Italian Grand Prix,2021-09-12,,2021-09-10,17:00:00,14,2021-09-11,14:30:00,,,2021-09-10,20:30:00,2021-09-11,17:30:00,2021,2021-09-11,19:00:00
1071,19,São Paulo Grand Prix,2021-11-14,,2021-11-12,19:00:00,18,2021-11-13,18:30:00,,,2021-11-12,22:30:00,2021-11-13,20:30:00,2021,2021-11-13,23:00:00
991,3,Chinese Grand Prix,2018-04-15,,2018-04-13,06:30:00,17,2018-04-13,10:30:00,2018-04-14,07:30:00,2018-04-14,10:30:00,,10:40:00,2018,,
1077,4,Emilia Romagna Grand Prix,2022-04-24,14:30:00,2022-04-22,11:30:00,21,2022-04-23,10:30:00,,,2022-04-22,15:00:00,2022-04-23,13:00:00,2022,,
1084,11,Austrian Grand Prix,2022-07-10,14:30:00,2022-07-08,11:30:00,70,2022-07-09,10:30:00,,,2022-07-08,15:00:00,2022-07-09,13:00:00,2022,,
1095,21,São Paulo Grand Prix,2022-11-13,19:30:00,2022-11-11,15:30:00,18,2022-11-12,15:30:00,,,2022-11-11,19:00:00,2022-11-12,18:00:00,2022,,
1,1,Australian Grand Prix,2009-03-29,,,,1,,,,,,,,06:00:00,2009,,
2,2,Malaysian Grand Prix,2009-04-05,,,,2,,,,,,,,09:00:00,2009,,
3,3,Chinese Grand Prix,2009-04-19,,,,17,,,,,,,,07:00:00,2009,,
4,4,Bahrain Grand Prix,2009-04-26,,,,3,,,,,,,,12:00:00,2009,,
5,5,Spanish Grand Prix,2009-05-10,,,,4,,,,,,,,12:00:00,2009,,
6,6,Monaco Grand Prix,2009-05-24,,,,6,,,,,,,,12:00:00,2009,,
7,7,Turkish Grand Prix,2009-06-07,,,,5,,,,,,,,12:00:00,2009,,
8,8,British Grand Prix,2009-06-21,,,,9,,,,,,,,12:00:00,2009,,
9,9,German Grand Prix,2009-07-12,,,,20,,,,,,,,12:00:00,2009,,
10,10,Hungarian Grand Prix,2009-07-26,,,,11,,,,,,,,12:00:00,2009,,
11,11,European Grand Prix,2009-08-23,,,,12,,,,,,,,12:00:00,2009,,
12,12,Belgian Grand Prix,2009-08-30,,,,13,,,,,,,,12:00:00,2009,,
13,13,Italian Grand Prix,2009-09-13,,,,14,,,,,,,,12:00:00,2009,,
14,14,Singapore Grand Prix,2009-09-27,,,,15,,,,,,,,12:00:00,2009,,
15,15,Japanese Grand Prix,2009-10-04,,,,22,,,,,,,,05:00:00,2009,,
16,16,Brazilian Grand Prix,2009-10-18,,,,18,,,,,,,,16:00:00,2009,,
17,17,Abu Dhabi Grand Prix,2009-11-01,,,,24,,,,,,,,11:00:00,2009,,
18,1,Australian Grand Prix,2008-03-16,,,,1,,,,,,,,04:30:00,2008,,
1146,2,Chinese Grand Prix,2025-03-23,06:30:00,2025-03-21,07:00:00,17,,,,,2025-03-22,10:30:00,2025-03-22,10:30:00,2025,2025-03-21,11:00:00
1147,3,Japanese Grand Prix,2025-04-06,,2025-04-04,07:00:00,22,2025-04-04,11:00:00,2025-04-05,07:00:00,2025-04-05,11:00:00,,09:30:00,2025,,
1148,4,Bahrain Grand Prix,2025-04-13,,2025-04-11,16:00:00,3,2025-04-11,19:30:00,2025-04-12,17:00:00,2025-04-12,20:30:00,,19:30:00,2025,,
1149,5,Saudi Arabian Grand Prix,2025-04-20,,2025-04-18,18:00:00,77,2025-04-18,21:30:00,2025-04-19,18:00:00,2025-04-19,21:30:00,,21:30:00,2025,,
1151,7,Emilia Romagna Grand Prix,2025-05-18,,2025-05-16,16:00:00,21,2025-05-16,19:30:00,2025-05-17,15:00:00,2025-05-17,18:30:00,,17:30:00,2025,,
1152,8,Monaco Grand Prix,2025-05-25,,2025-05-23,16:00:00,6,2025-05-23,19:30:00,2025-05-24,15:00:00,2025-05-24,18:30:00,,17:30:00,2025,,
1153,9,Spanish Grand Prix,2025-06-01,,2025-05-30,16:00:00,4,2025-05-30,19:30:00,2025-05-31,15:00:00,2025-05-31,18:30:00,,17:30:00,2025,,
1156,12,British Grand Prix,2025-07-06,,2025-07-04,16:00:00,9,2025-07-04,19:30:00,2025-07-05,15:00:00,2025-07-05,18:30:00,,18:30:00,2025,,
1157,13,Belgian Grand Prix,2025-07-27,14:30:00,2025-07-25,15:00:00,13,,,,,2025-07-26,18:30:00,2025-07-26,17:30:00,2025,2025-07-25,19:00:00
1158,14,Hungarian Grand Prix,2025-08-03,,2025-08-01,16:00:00,11,2025-08-01,19:30:00,2025-08-02,15:00:00,2025-08-02,18:30:00,,17:30:00,2025,,
1159,15,Dutch Grand Prix,2025-08-31,,2025-08-29,15:00:00,39,2025-08-29,18:30:00,2025-08-30,14:00:00,2025-08-30,17:30:00,,17:30:00,2025,,
1160,16,Italian Grand Prix,2025-12-07,,2025-12-05,16:00:00,14,2025-12-05,19:30:00,2025-12-06,15:00:00,2025-12-06,18:30:00,,16:30:00,2025,,
1154,10,Canadian Grand Prix,2025-06-15,,2025-06-13,22:00:00,7,2025-06-13,01:30:00,2025-06-14,21:00:00,2025-06-15,00:30:00,,22:30:00,2025,,
1150,6,Miami Grand Prix,2025-05-05,20:30:00,2025-05-02,21:00:00,79,,,,,2025-05-04,00:30:00,2025-05-03,00:30:00,2025,2025-05-03,01:00:00
1161,17,Azerbaijan Grand Prix,2025-09-21,,2025-09-19,13:00:00,73,2025-09-19,16:30:00,2025-09-20,13:00:00,2025-09-20,16:30:00,,15:30:00,2025,,
1162,18,Singapore Grand Prix,2025-10-05,,2025-10-03,14:00:00,15,2025-10-03,17:30:00,2025-10-04,14:00:00,2025-10-04,17:30:00,,16:30:00,2025,,
1125,5,Chinese Grand Prix,2024-04-21,03:00:00,2024-04-19,03:30:00,17,2024-04-19,07:30:00,,,2024-04-20,07:00:00,2024-04-20,07:00:00,2024,,
1126,6,Miami Grand Prix,2024-05-05,16:00:00,2024-05-03,16:30:00,79,2024-05-03,20:30:00,,,2024-05-04,20:00:00,2024-05-04,20:00:00,2024,,
1119,21,Las Vegas Grand Prix,2023-11-19,,2023-11-17,08:00:00,80,2023-11-17,14:00:00,2023-11-18,08:00:00,2023-11-18,11:30:00,,09:30:00,2023,,
1120,22,Abu Dhabi Grand Prix,2023-11-26,,2023-11-24,13:00:00,24,2023-11-24,16:30:00,2023-11-25,14:00:00,2023-11-25,17:30:00,,16:30:00,2023,,
1121,1,Bahrain Grand Prix,2024-03-02,,2024-02-29,15:00:00,3,2024-02-29,18:30:00,2024-03-01,16:00:00,2024-03-01,19:30:00,,18:30:00,2024,,
1122,2,Saudi Arabian Grand Prix,2024-03-09,,2024-03-07,17:00:00,77,2024-03-07,20:40:00,2024-03-08,17:00:00,2024-03-08,20:30:00,,20:30:00,2024,,
1123,3,Australian Grand Prix,2024-03-24,,2024-03-22,05:00:00,1,2024-03-22,08:30:00,2024-03-23,05:00:00,2024-03-23,08:30:00,,07:30:00,2024,,
